CREATE TABLE IF NOT EXISTS "accounts_userprofileinfo" ("id" integer NOT NULL PRIMARY KEY AUTOINCREMENT, "portfolio_site" varchar(200) NOT NULL, "profile_pic" varchar(100) NOT NULL, "user_id" integer NOT NULL UNIQUE REFERENCES "auth_user" ("id") DEFERRABLE INITIALLY DEFERRED);
CREATE UNIQUE INDEX "auth_group_permissions_group_id_permission_id_0cd325b0_uniq" ON "auth_group_permissions" ("group_id", "permission_id");
CREATE INDEX IF NOT EXISTS "auth_group_permissions_group_id_b120cbf9" ON "auth_group_permissions" ("group_id");
CREATE INDEX IF NOT EXISTS "auth_group_permissions_permission_id_84c5c92e" ON "auth_group_permissions" ("permission_id");
CREATE UNIQUE INDEX "auth_user_groups_user_id_group_id_94350c0c_uniq" ON "auth_user_groups" ("user_id", "group_id");
CREATE INDEX IF NOT EXISTS "auth_user_groups_user_id_6a12ed8b" ON "auth_user_groups" ("user_id");
CREATE INDEX IF NOT EXISTS "auth_user_groups_group_id_97559544" ON "auth_user_groups" ("group_id");
CREATE UNIQUE INDEX "auth_user_user_permissions_user_id_permission_id_14a6b632_uniq" ON "auth_user_user_permissions" ("user_id", "permission_id");
CREATE INDEX IF NOT EXISTS "auth_user_user_permissions_user_id_a95ead1b" ON "auth_user_user_permissions" ("user_id");
CREATE INDEX IF NOT EXISTS "auth_user_user_permissions_permission_id_1fbb5f2c" ON "auth_user_user_permissions" ("permission_id");
CREATE INDEX IF NOT EXISTS "django_admin_log_content_type_id_c4bce8eb" ON "django_admin_log" ("content_type_id");
CREATE INDEX IF NOT EXISTS "django_admin_log_user_id_c564eba6" ON "django_admin_log" ("user_id");
CREATE UNIQUE INDEX "django_content_type_app_label_model_76bd3d3b_uniq" ON "django_content_type" ("app_label", "model");
CREATE UNIQUE INDEX "auth_permission_content_type_id_codename_01ab375a_uniq" ON "auth_permission" ("content_type_id", "codename");
CREATE INDEX IF NOT EXISTS "auth_permission_content_type_id_2f476e4b" ON "auth_permission" ("content_type_id");
CREATE UNIQUE INDEX "index_flight_crew_flight_id_crew_id_1de42d63_uniq" ON "index_flight_crew" ("flight_id", "crew_id");
CREATE INDEX IF NOT EXISTS "index_flight_crew_flight_id_acab4c24" ON "index_flight_crew" ("flight_id");
CREATE INDEX IF NOT EXISTS "index_flight_crew_crew_id_7c8554b2" ON "index_flight_crew" ("crew_id");
CREATE UNIQUE INDEX "index_flight_passenger_flight_id_passenger_id_2e1ccd50_uniq" ON "index_flight_passenger" ("flight_id", "passenger_id");
CREATE INDEX IF NOT EXISTS "index_flight_passenger_flight_id_a8a91cd2" ON "index_flight_passenger" ("flight_id");
CREATE INDEX IF NOT EXISTS "index_flight_passenger_passenger_id_31971405" ON "index_flight_passenger" ("passenger_id");
CREATE UNIQUE INDEX "index_airport_agency_airport_id_agency_id_941d6ef3_uniq" ON "index_airport_agency" ("airport_id", "agency_id");
CREATE INDEX IF NOT EXISTS "index_airport_agency_airport_id_bb8deeca" ON "index_airport_agency" ("airport_id");
CREATE INDEX IF NOT EXISTS "index_airport_agency_agency_id_1a31f983" ON "index_airport_agency" ("agency_id");
CREATE INDEX IF NOT EXISTS "django_session_expire_date_a5c62663" ON "django_session" ("expire_date");
CREATE INDEX IF NOT EXISTS "index_flight_airport_id_a8892d30" ON "index_flight" ("airport_id");
CREATE UNIQUE INDEX "index_airport_airplane_airport_id_aircraft_id_efe4bdb4_uniq" ON "index_airport_airplane" ("airport_id", "aircraft_id");
CREATE INDEX IF NOT EXISTS "index_airport_airplane_airport_id_667a1d58" ON "index_airport_airplane" ("airport_id");
CREATE INDEX IF NOT EXISTS "index_airport_airplane_aircraft_id_dc066236" ON "index_airport_airplane" ("aircraft_id");
CREATE UNIQUE INDEX "index_flight_airplane_flight_id_aircraft_id_d5c3f8d3_uniq" ON "index_flight_airplane" ("flight_id", "aircraft_id");
CREATE INDEX IF NOT EXISTS "index_flight_airplane_flight_id_372d8ef2" ON "index_flight_airplane" ("flight_id");
CREATE INDEX IF NOT EXISTS "index_flight_airplane_aircraft_id_e7b1ea5c" ON "index_flight_airplane" ("aircraft_id");
CREATE TABLE IF NOT EXISTS "auth_group" ("id" integer NOT NULL PRIMARY KEY AUTOINCREMENT, "name" varchar(150) NOT NULL UNIQUE);
CREATE UNIQUE INDEX "auth_group_permissions_group_id_permission_id_0cd325b0_uniq" ON "auth_group_permissions" ("group_id", "permission_id");
CREATE INDEX IF NOT EXISTS "auth_group_permissions_group_id_b120cbf9" ON "auth_group_permissions" ("group_id");
CREATE INDEX IF NOT EXISTS "auth_group_permissions_permission_id_84c5c92e" ON "auth_group_permissions" ("permission_id");
CREATE UNIQUE INDEX "auth_user_groups_user_id_group_id_94350c0c_uniq" ON "auth_user_groups" ("user_id", "group_id");
CREATE INDEX IF NOT EXISTS "auth_user_groups_user_id_6a12ed8b" ON "auth_user_groups" ("user_id");
CREATE INDEX IF NOT EXISTS "auth_user_groups_group_id_97559544" ON "auth_user_groups" ("group_id");
CREATE UNIQUE INDEX "auth_user_user_permissions_user_id_permission_id_14a6b632_uniq" ON "auth_user_user_permissions" ("user_id", "permission_id");
CREATE INDEX IF NOT EXISTS "auth_user_user_permissions_user_id_a95ead1b" ON "auth_user_user_permissions" ("user_id");
CREATE INDEX IF NOT EXISTS "auth_user_user_permissions_permission_id_1fbb5f2c" ON "auth_user_user_permissions" ("permission_id");
CREATE INDEX IF NOT EXISTS "django_admin_log_content_type_id_c4bce8eb" ON "django_admin_log" ("content_type_id");
CREATE INDEX IF NOT EXISTS "django_admin_log_user_id_c564eba6" ON "django_admin_log" ("user_id");
CREATE UNIQUE INDEX "django_content_type_app_label_model_76bd3d3b_uniq" ON "django_content_type" ("app_label", "model");
CREATE UNIQUE INDEX "auth_permission_content_type_id_codename_01ab375a_uniq" ON "auth_permission" ("content_type_id", "codename");
CREATE INDEX IF NOT EXISTS "auth_permission_content_type_id_2f476e4b" ON "auth_permission" ("content_type_id");
CREATE UNIQUE INDEX "index_flight_crew_flight_id_crew_id_1de42d63_uniq" ON "index_flight_crew" ("flight_id", "crew_id");
CREATE INDEX IF NOT EXISTS "index_flight_crew_flight_id_acab4c24" ON "index_flight_crew" ("flight_id");
CREATE INDEX IF NOT EXISTS "index_flight_crew_crew_id_7c8554b2" ON "index_flight_crew" ("crew_id");
CREATE UNIQUE INDEX "index_flight_passenger_flight_id_passenger_id_2e1ccd50_uniq" ON "index_flight_passenger" ("flight_id", "passenger_id");
CREATE INDEX IF NOT EXISTS "index_flight_passenger_flight_id_a8a91cd2" ON "index_flight_passenger" ("flight_id");
CREATE INDEX IF NOT EXISTS "index_flight_passenger_passenger_id_31971405" ON "index_flight_passenger" ("passenger_id");
CREATE UNIQUE INDEX "index_airport_agency_airport_id_agency_id_941d6ef3_uniq" ON "index_airport_agency" ("airport_id", "agency_id");
CREATE INDEX IF NOT EXISTS "index_airport_agency_airport_id_bb8deeca" ON "index_airport_agency" ("airport_id");
CREATE INDEX IF NOT EXISTS "index_airport_agency_agency_id_1a31f983" ON "index_airport_agency" ("agency_id");
CREATE INDEX IF NOT EXISTS "django_session_expire_date_a5c62663" ON "django_session" ("expire_date");
CREATE INDEX IF NOT EXISTS "index_flight_airport_id_a8892d30" ON "index_flight" ("airport_id");
CREATE UNIQUE INDEX "index_airport_airplane_airport_id_aircraft_id_efe4bdb4_uniq" ON "index_airport_airplane" ("airport_id", "aircraft_id");
CREATE INDEX IF NOT EXISTS "index_airport_airplane_airport_id_667a1d58" ON "index_airport_airplane" ("airport_id");
CREATE INDEX IF NOT EXISTS "index_airport_airplane_aircraft_id_dc066236" ON "index_airport_airplane" ("aircraft_id");
CREATE UNIQUE INDEX "index_flight_airplane_flight_id_aircraft_id_d5c3f8d3_uniq" ON "index_flight_airplane" ("flight_id", "aircraft_id");
CREATE INDEX IF NOT EXISTS "index_flight_airplane_flight_id_372d8ef2" ON "index_flight_airplane" ("flight_id");
CREATE INDEX IF NOT EXISTS "index_flight_airplane_aircraft_id_e7b1ea5c" ON "index_flight_airplane" ("aircraft_id");
CREATE TABLE IF NOT EXISTS "auth_group_permissions" ("id" integer NOT NULL PRIMARY KEY AUTOINCREMENT, "group_id" integer NOT NULL REFERENCES "auth_group" ("id") DEFERRABLE INITIALLY DEFERRED, "permission_id" integer NOT NULL REFERENCES "auth_permission" ("id") DEFERRABLE INITIALLY DEFERRED);
CREATE UNIQUE INDEX "auth_group_permissions_group_id_permission_id_0cd325b0_uniq" ON "auth_group_permissions" ("group_id", "permission_id");
CREATE INDEX IF NOT EXISTS "auth_group_permissions_group_id_b120cbf9" ON "auth_group_permissions" ("group_id");
CREATE INDEX IF NOT EXISTS "auth_group_permissions_permission_id_84c5c92e" ON "auth_group_permissions" ("permission_id");
CREATE UNIQUE INDEX "auth_user_groups_user_id_group_id_94350c0c_uniq" ON "auth_user_groups" ("user_id", "group_id");
CREATE INDEX IF NOT EXISTS "auth_user_groups_user_id_6a12ed8b" ON "auth_user_groups" ("user_id");
CREATE INDEX IF NOT EXISTS "auth_user_groups_group_id_97559544" ON "auth_user_groups" ("group_id");
CREATE UNIQUE INDEX "auth_user_user_permissions_user_id_permission_id_14a6b632_uniq" ON "auth_user_user_permissions" ("user_id", "permission_id");
CREATE INDEX IF NOT EXISTS "auth_user_user_permissions_user_id_a95ead1b" ON "auth_user_user_permissions" ("user_id");
CREATE INDEX IF NOT EXISTS "auth_user_user_permissions_permission_id_1fbb5f2c" ON "auth_user_user_permissions" ("permission_id");
CREATE INDEX IF NOT EXISTS "django_admin_log_content_type_id_c4bce8eb" ON "django_admin_log" ("content_type_id");
CREATE INDEX IF NOT EXISTS "django_admin_log_user_id_c564eba6" ON "django_admin_log" ("user_id");
CREATE UNIQUE INDEX "django_content_type_app_label_model_76bd3d3b_uniq" ON "django_content_type" ("app_label", "model");
CREATE UNIQUE INDEX "auth_permission_content_type_id_codename_01ab375a_uniq" ON "auth_permission" ("content_type_id", "codename");
CREATE INDEX IF NOT EXISTS "auth_permission_content_type_id_2f476e4b" ON "auth_permission" ("content_type_id");
CREATE UNIQUE INDEX "index_flight_crew_flight_id_crew_id_1de42d63_uniq" ON "index_flight_crew" ("flight_id", "crew_id");
CREATE INDEX IF NOT EXISTS "index_flight_crew_flight_id_acab4c24" ON "index_flight_crew" ("flight_id");
CREATE INDEX IF NOT EXISTS "index_flight_crew_crew_id_7c8554b2" ON "index_flight_crew" ("crew_id");
CREATE UNIQUE INDEX "index_flight_passenger_flight_id_passenger_id_2e1ccd50_uniq" ON "index_flight_passenger" ("flight_id", "passenger_id");
CREATE INDEX IF NOT EXISTS "index_flight_passenger_flight_id_a8a91cd2" ON "index_flight_passenger" ("flight_id");
CREATE INDEX IF NOT EXISTS "index_flight_passenger_passenger_id_31971405" ON "index_flight_passenger" ("passenger_id");
CREATE UNIQUE INDEX "index_airport_agency_airport_id_agency_id_941d6ef3_uniq" ON "index_airport_agency" ("airport_id", "agency_id");
CREATE INDEX IF NOT EXISTS "index_airport_agency_airport_id_bb8deeca" ON "index_airport_agency" ("airport_id");
CREATE INDEX IF NOT EXISTS "index_airport_agency_agency_id_1a31f983" ON "index_airport_agency" ("agency_id");
CREATE INDEX IF NOT EXISTS "django_session_expire_date_a5c62663" ON "django_session" ("expire_date");
CREATE INDEX IF NOT EXISTS "index_flight_airport_id_a8892d30" ON "index_flight" ("airport_id");
CREATE UNIQUE INDEX "index_airport_airplane_airport_id_aircraft_id_efe4bdb4_uniq" ON "index_airport_airplane" ("airport_id", "aircraft_id");
CREATE INDEX IF NOT EXISTS "index_airport_airplane_airport_id_667a1d58" ON "index_airport_airplane" ("airport_id");
CREATE INDEX IF NOT EXISTS "index_airport_airplane_aircraft_id_dc066236" ON "index_airport_airplane" ("aircraft_id");
CREATE UNIQUE INDEX "index_flight_airplane_flight_id_aircraft_id_d5c3f8d3_uniq" ON "index_flight_airplane" ("flight_id", "aircraft_id");
CREATE INDEX IF NOT EXISTS "index_flight_airplane_flight_id_372d8ef2" ON "index_flight_airplane" ("flight_id");
CREATE INDEX IF NOT EXISTS "index_flight_airplane_aircraft_id_e7b1ea5c" ON "index_flight_airplane" ("aircraft_id");
CREATE TABLE IF NOT EXISTS "auth_permission" ("id" integer NOT NULL PRIMARY KEY AUTOINCREMENT, "content_type_id" integer NOT NULL REFERENCES "django_content_type" ("id") DEFERRABLE INITIALLY DEFERRED, "codename" varchar(100) NOT NULL, "name" varchar(255) NOT NULL);
INSERT INTO "auth_permission" VALUES(1,1,'add_logentry','Can add log entry');
INSERT INTO "auth_permission" VALUES(2,1,'change_logentry','Can change log entry');
INSERT INTO "auth_permission" VALUES(3,1,'delete_logentry','Can delete log entry');
INSERT INTO "auth_permission" VALUES(4,1,'view_logentry','Can view log entry');
INSERT INTO "auth_permission" VALUES(5,2,'add_permission','Can add permission');
INSERT INTO "auth_permission" VALUES(6,2,'change_permission','Can change permission');
INSERT INTO "auth_permission" VALUES(7,2,'delete_permission','Can delete permission');
INSERT INTO "auth_permission" VALUES(8,2,'view_permission','Can view permission');
INSERT INTO "auth_permission" VALUES(9,3,'add_group','Can add group');
INSERT INTO "auth_permission" VALUES(10,3,'change_group','Can change group');
INSERT INTO "auth_permission" VALUES(11,3,'delete_group','Can delete group');
INSERT INTO "auth_permission" VALUES(12,3,'view_group','Can view group');
INSERT INTO "auth_permission" VALUES(13,4,'add_user','Can add user');
INSERT INTO "auth_permission" VALUES(14,4,'change_user','Can change user');
INSERT INTO "auth_permission" VALUES(15,4,'delete_user','Can delete user');
INSERT INTO "auth_permission" VALUES(16,4,'view_user','Can view user');
INSERT INTO "auth_permission" VALUES(17,5,'add_contenttype','Can add content type');
INSERT INTO "auth_permission" VALUES(18,5,'change_contenttype','Can change content type');
INSERT INTO "auth_permission" VALUES(19,5,'delete_contenttype','Can delete content type');
INSERT INTO "auth_permission" VALUES(20,5,'view_contenttype','Can view content type');
INSERT INTO "auth_permission" VALUES(21,6,'add_session','Can add session');
INSERT INTO "auth_permission" VALUES(22,6,'change_session','Can change session');
INSERT INTO "auth_permission" VALUES(23,6,'delete_session','Can delete session');
INSERT INTO "auth_permission" VALUES(24,6,'view_session','Can view session');
INSERT INTO "auth_permission" VALUES(25,7,'add_userprofileinfo','Can add user profile info');
INSERT INTO "auth_permission" VALUES(26,7,'change_userprofileinfo','Can change user profile info');
INSERT INTO "auth_permission" VALUES(27,7,'delete_userprofileinfo','Can delete user profile info');
INSERT INTO "auth_permission" VALUES(28,7,'view_userprofileinfo','Can view user profile info');
INSERT INTO "auth_permission" VALUES(29,8,'add_flight','Can add flight');
INSERT INTO "auth_permission" VALUES(30,8,'change_flight','Can change flight');
INSERT INTO "auth_permission" VALUES(31,8,'delete_flight','Can delete flight');
INSERT INTO "auth_permission" VALUES(32,8,'view_flight','Can view flight');
INSERT INTO "auth_permission" VALUES(33,9,'add_passenger','Can add passenger');
INSERT INTO "auth_permission" VALUES(34,9,'change_passenger','Can change passenger');
INSERT INTO "auth_permission" VALUES(35,9,'delete_passenger','Can delete passenger');
INSERT INTO "auth_permission" VALUES(36,9,'view_passenger','Can view passenger');
INSERT INTO "auth_permission" VALUES(37,10,'add_ticket','Can add ticket');
INSERT INTO "auth_permission" VALUES(38,10,'change_ticket','Can change ticket');
INSERT INTO "auth_permission" VALUES(39,10,'delete_ticket','Can delete ticket');
INSERT INTO "auth_permission" VALUES(40,10,'view_ticket','Can view ticket');
INSERT INTO "auth_permission" VALUES(41,11,'add_agency','Can add agency');
INSERT INTO "auth_permission" VALUES(42,11,'change_agency','Can change agency');
INSERT INTO "auth_permission" VALUES(43,11,'delete_agency','Can delete agency');
INSERT INTO "auth_permission" VALUES(44,11,'view_agency','Can view agency');
INSERT INTO "auth_permission" VALUES(45,12,'add_airport','Can add airport');
INSERT INTO "auth_permission" VALUES(46,12,'change_airport','Can change airport');
INSERT INTO "auth_permission" VALUES(47,12,'delete_airport','Can delete airport');
INSERT INTO "auth_permission" VALUES(48,12,'view_airport','Can view airport');
INSERT INTO "auth_permission" VALUES(49,13,'add_crew','Can add crew');
INSERT INTO "auth_permission" VALUES(50,13,'change_crew','Can change crew');
INSERT INTO "auth_permission" VALUES(51,13,'delete_crew','Can delete crew');
INSERT INTO "auth_permission" VALUES(52,13,'view_crew','Can view crew');
INSERT INTO "auth_permission" VALUES(53,14,'add_aircraft','Can add air craft');
INSERT INTO "auth_permission" VALUES(54,14,'change_aircraft','Can change air craft');
INSERT INTO "auth_permission" VALUES(55,14,'delete_aircraft','Can delete air craft');
INSERT INTO "auth_permission" VALUES(56,14,'view_aircraft','Can view air craft');
CREATE UNIQUE INDEX "auth_group_permissions_group_id_permission_id_0cd325b0_uniq" ON "auth_group_permissions" ("group_id", "permission_id");
CREATE INDEX IF NOT EXISTS "auth_group_permissions_group_id_b120cbf9" ON "auth_group_permissions" ("group_id");
CREATE INDEX IF NOT EXISTS "auth_group_permissions_permission_id_84c5c92e" ON "auth_group_permissions" ("permission_id");
CREATE UNIQUE INDEX "auth_user_groups_user_id_group_id_94350c0c_uniq" ON "auth_user_groups" ("user_id", "group_id");
CREATE INDEX IF NOT EXISTS "auth_user_groups_user_id_6a12ed8b" ON "auth_user_groups" ("user_id");
CREATE INDEX IF NOT EXISTS "auth_user_groups_group_id_97559544" ON "auth_user_groups" ("group_id");
CREATE UNIQUE INDEX "auth_user_user_permissions_user_id_permission_id_14a6b632_uniq" ON "auth_user_user_permissions" ("user_id", "permission_id");
CREATE INDEX IF NOT EXISTS "auth_user_user_permissions_user_id_a95ead1b" ON "auth_user_user_permissions" ("user_id");
CREATE INDEX IF NOT EXISTS "auth_user_user_permissions_permission_id_1fbb5f2c" ON "auth_user_user_permissions" ("permission_id");
CREATE INDEX IF NOT EXISTS "django_admin_log_content_type_id_c4bce8eb" ON "django_admin_log" ("content_type_id");
CREATE INDEX IF NOT EXISTS "django_admin_log_user_id_c564eba6" ON "django_admin_log" ("user_id");
CREATE UNIQUE INDEX "django_content_type_app_label_model_76bd3d3b_uniq" ON "django_content_type" ("app_label", "model");
CREATE UNIQUE INDEX "auth_permission_content_type_id_codename_01ab375a_uniq" ON "auth_permission" ("content_type_id", "codename");
CREATE INDEX IF NOT EXISTS "auth_permission_content_type_id_2f476e4b" ON "auth_permission" ("content_type_id");
CREATE UNIQUE INDEX "index_flight_crew_flight_id_crew_id_1de42d63_uniq" ON "index_flight_crew" ("flight_id", "crew_id");
CREATE INDEX IF NOT EXISTS "index_flight_crew_flight_id_acab4c24" ON "index_flight_crew" ("flight_id");
CREATE INDEX IF NOT EXISTS "index_flight_crew_crew_id_7c8554b2" ON "index_flight_crew" ("crew_id");
CREATE UNIQUE INDEX "index_flight_passenger_flight_id_passenger_id_2e1ccd50_uniq" ON "index_flight_passenger" ("flight_id", "passenger_id");
CREATE INDEX IF NOT EXISTS "index_flight_passenger_flight_id_a8a91cd2" ON "index_flight_passenger" ("flight_id");
CREATE INDEX IF NOT EXISTS "index_flight_passenger_passenger_id_31971405" ON "index_flight_passenger" ("passenger_id");
CREATE UNIQUE INDEX "index_airport_agency_airport_id_agency_id_941d6ef3_uniq" ON "index_airport_agency" ("airport_id", "agency_id");
CREATE INDEX IF NOT EXISTS "index_airport_agency_airport_id_bb8deeca" ON "index_airport_agency" ("airport_id");
CREATE INDEX IF NOT EXISTS "index_airport_agency_agency_id_1a31f983" ON "index_airport_agency" ("agency_id");
CREATE INDEX IF NOT EXISTS "django_session_expire_date_a5c62663" ON "django_session" ("expire_date");
CREATE INDEX IF NOT EXISTS "index_flight_airport_id_a8892d30" ON "index_flight" ("airport_id");
CREATE UNIQUE INDEX "index_airport_airplane_airport_id_aircraft_id_efe4bdb4_uniq" ON "index_airport_airplane" ("airport_id", "aircraft_id");
CREATE INDEX IF NOT EXISTS "index_airport_airplane_airport_id_667a1d58" ON "index_airport_airplane" ("airport_id");
CREATE INDEX IF NOT EXISTS "index_airport_airplane_aircraft_id_dc066236" ON "index_airport_airplane" ("aircraft_id");
CREATE UNIQUE INDEX "index_flight_airplane_flight_id_aircraft_id_d5c3f8d3_uniq" ON "index_flight_airplane" ("flight_id", "aircraft_id");
CREATE INDEX IF NOT EXISTS "index_flight_airplane_flight_id_372d8ef2" ON "index_flight_airplane" ("flight_id");
CREATE INDEX IF NOT EXISTS "index_flight_airplane_aircraft_id_e7b1ea5c" ON "index_flight_airplane" ("aircraft_id");
CREATE TABLE IF NOT EXISTS "auth_user" ("id" integer NOT NULL PRIMARY KEY AUTOINCREMENT, "password" varchar(128) NOT NULL, "last_login" datetime NULL, "is_superuser" bool NOT NULL, "username" varchar(150) NOT NULL UNIQUE, "first_name" varchar(30) NOT NULL, "email" varchar(254) NOT NULL, "is_staff" bool NOT NULL, "is_active" bool NOT NULL, "date_joined" datetime NOT NULL, "last_name" varchar(150) NOT NULL);
INSERT INTO "auth_user" VALUES(1,'pbkdf2_sha256$180000$FDog5F0dnDcN$8GLohPzkliUOEdrppMkOK9JFD/i6ZE9wDUpwlQhXe4g=','2020-07-08 21:35:02.554745',1,'zahra','','',1,1,'2020-07-08 21:34:50.990425','');
CREATE UNIQUE INDEX "auth_group_permissions_group_id_permission_id_0cd325b0_uniq" ON "auth_group_permissions" ("group_id", "permission_id");
CREATE INDEX IF NOT EXISTS "auth_group_permissions_group_id_b120cbf9" ON "auth_group_permissions" ("group_id");
CREATE INDEX IF NOT EXISTS "auth_group_permissions_permission_id_84c5c92e" ON "auth_group_permissions" ("permission_id");
CREATE UNIQUE INDEX "auth_user_groups_user_id_group_id_94350c0c_uniq" ON "auth_user_groups" ("user_id", "group_id");
CREATE INDEX IF NOT EXISTS "auth_user_groups_user_id_6a12ed8b" ON "auth_user_groups" ("user_id");
CREATE INDEX IF NOT EXISTS "auth_user_groups_group_id_97559544" ON "auth_user_groups" ("group_id");
CREATE UNIQUE INDEX "auth_user_user_permissions_user_id_permission_id_14a6b632_uniq" ON "auth_user_user_permissions" ("user_id", "permission_id");
CREATE INDEX IF NOT EXISTS "auth_user_user_permissions_user_id_a95ead1b" ON "auth_user_user_permissions" ("user_id");
CREATE INDEX IF NOT EXISTS "auth_user_user_permissions_permission_id_1fbb5f2c" ON "auth_user_user_permissions" ("permission_id");
CREATE INDEX IF NOT EXISTS "django_admin_log_content_type_id_c4bce8eb" ON "django_admin_log" ("content_type_id");
CREATE INDEX IF NOT EXISTS "django_admin_log_user_id_c564eba6" ON "django_admin_log" ("user_id");
CREATE UNIQUE INDEX "django_content_type_app_label_model_76bd3d3b_uniq" ON "django_content_type" ("app_label", "model");
CREATE UNIQUE INDEX "auth_permission_content_type_id_codename_01ab375a_uniq" ON "auth_permission" ("content_type_id", "codename");
CREATE INDEX IF NOT EXISTS "auth_permission_content_type_id_2f476e4b" ON "auth_permission" ("content_type_id");
CREATE UNIQUE INDEX "index_flight_crew_flight_id_crew_id_1de42d63_uniq" ON "index_flight_crew" ("flight_id", "crew_id");
CREATE INDEX IF NOT EXISTS "index_flight_crew_flight_id_acab4c24" ON "index_flight_crew" ("flight_id");
CREATE INDEX IF NOT EXISTS "index_flight_crew_crew_id_7c8554b2" ON "index_flight_crew" ("crew_id");
CREATE UNIQUE INDEX "index_flight_passenger_flight_id_passenger_id_2e1ccd50_uniq" ON "index_flight_passenger" ("flight_id", "passenger_id");
CREATE INDEX IF NOT EXISTS "index_flight_passenger_flight_id_a8a91cd2" ON "index_flight_passenger" ("flight_id");
CREATE INDEX IF NOT EXISTS "index_flight_passenger_passenger_id_31971405" ON "index_flight_passenger" ("passenger_id");
CREATE UNIQUE INDEX "index_airport_agency_airport_id_agency_id_941d6ef3_uniq" ON "index_airport_agency" ("airport_id", "agency_id");
CREATE INDEX IF NOT EXISTS "index_airport_agency_airport_id_bb8deeca" ON "index_airport_agency" ("airport_id");
CREATE INDEX IF NOT EXISTS "index_airport_agency_agency_id_1a31f983" ON "index_airport_agency" ("agency_id");
CREATE INDEX IF NOT EXISTS "django_session_expire_date_a5c62663" ON "django_session" ("expire_date");
CREATE INDEX IF NOT EXISTS "index_flight_airport_id_a8892d30" ON "index_flight" ("airport_id");
CREATE UNIQUE INDEX "index_airport_airplane_airport_id_aircraft_id_efe4bdb4_uniq" ON "index_airport_airplane" ("airport_id", "aircraft_id");
CREATE INDEX IF NOT EXISTS "index_airport_airplane_airport_id_667a1d58" ON "index_airport_airplane" ("airport_id");
CREATE INDEX IF NOT EXISTS "index_airport_airplane_aircraft_id_dc066236" ON "index_airport_airplane" ("aircraft_id");
CREATE UNIQUE INDEX "index_flight_airplane_flight_id_aircraft_id_d5c3f8d3_uniq" ON "index_flight_airplane" ("flight_id", "aircraft_id");
CREATE INDEX IF NOT EXISTS "index_flight_airplane_flight_id_372d8ef2" ON "index_flight_airplane" ("flight_id");
CREATE INDEX IF NOT EXISTS "index_flight_airplane_aircraft_id_e7b1ea5c" ON "index_flight_airplane" ("aircraft_id");
CREATE TABLE IF NOT EXISTS "auth_user_groups" ("id" integer NOT NULL PRIMARY KEY AUTOINCREMENT, "user_id" integer NOT NULL REFERENCES "auth_user" ("id") DEFERRABLE INITIALLY DEFERRED, "group_id" integer NOT NULL REFERENCES "auth_group" ("id") DEFERRABLE INITIALLY DEFERRED);
CREATE UNIQUE INDEX "auth_group_permissions_group_id_permission_id_0cd325b0_uniq" ON "auth_group_permissions" ("group_id", "permission_id");
CREATE INDEX IF NOT EXISTS "auth_group_permissions_group_id_b120cbf9" ON "auth_group_permissions" ("group_id");
CREATE INDEX IF NOT EXISTS "auth_group_permissions_permission_id_84c5c92e" ON "auth_group_permissions" ("permission_id");
CREATE UNIQUE INDEX "auth_user_groups_user_id_group_id_94350c0c_uniq" ON "auth_user_groups" ("user_id", "group_id");
CREATE INDEX IF NOT EXISTS "auth_user_groups_user_id_6a12ed8b" ON "auth_user_groups" ("user_id");
CREATE INDEX IF NOT EXISTS "auth_user_groups_group_id_97559544" ON "auth_user_groups" ("group_id");
CREATE UNIQUE INDEX "auth_user_user_permissions_user_id_permission_id_14a6b632_uniq" ON "auth_user_user_permissions" ("user_id", "permission_id");
CREATE INDEX IF NOT EXISTS "auth_user_user_permissions_user_id_a95ead1b" ON "auth_user_user_permissions" ("user_id");
CREATE INDEX IF NOT EXISTS "auth_user_user_permissions_permission_id_1fbb5f2c" ON "auth_user_user_permissions" ("permission_id");
CREATE INDEX IF NOT EXISTS "django_admin_log_content_type_id_c4bce8eb" ON "django_admin_log" ("content_type_id");
CREATE INDEX IF NOT EXISTS "django_admin_log_user_id_c564eba6" ON "django_admin_log" ("user_id");
CREATE UNIQUE INDEX "django_content_type_app_label_model_76bd3d3b_uniq" ON "django_content_type" ("app_label", "model");
CREATE UNIQUE INDEX "auth_permission_content_type_id_codename_01ab375a_uniq" ON "auth_permission" ("content_type_id", "codename");
CREATE INDEX IF NOT EXISTS "auth_permission_content_type_id_2f476e4b" ON "auth_permission" ("content_type_id");
CREATE UNIQUE INDEX "index_flight_crew_flight_id_crew_id_1de42d63_uniq" ON "index_flight_crew" ("flight_id", "crew_id");
CREATE INDEX IF NOT EXISTS "index_flight_crew_flight_id_acab4c24" ON "index_flight_crew" ("flight_id");
CREATE INDEX IF NOT EXISTS "index_flight_crew_crew_id_7c8554b2" ON "index_flight_crew" ("crew_id");
CREATE UNIQUE INDEX "index_flight_passenger_flight_id_passenger_id_2e1ccd50_uniq" ON "index_flight_passenger" ("flight_id", "passenger_id");
CREATE INDEX IF NOT EXISTS "index_flight_passenger_flight_id_a8a91cd2" ON "index_flight_passenger" ("flight_id");
CREATE INDEX IF NOT EXISTS "index_flight_passenger_passenger_id_31971405" ON "index_flight_passenger" ("passenger_id");
CREATE UNIQUE INDEX "index_airport_agency_airport_id_agency_id_941d6ef3_uniq" ON "index_airport_agency" ("airport_id", "agency_id");
CREATE INDEX IF NOT EXISTS "index_airport_agency_airport_id_bb8deeca" ON "index_airport_agency" ("airport_id");
CREATE INDEX IF NOT EXISTS "index_airport_agency_agency_id_1a31f983" ON "index_airport_agency" ("agency_id");
CREATE INDEX IF NOT EXISTS "django_session_expire_date_a5c62663" ON "django_session" ("expire_date");
CREATE INDEX IF NOT EXISTS "index_flight_airport_id_a8892d30" ON "index_flight" ("airport_id");
CREATE UNIQUE INDEX "index_airport_airplane_airport_id_aircraft_id_efe4bdb4_uniq" ON "index_airport_airplane" ("airport_id", "aircraft_id");
CREATE INDEX IF NOT EXISTS "index_airport_airplane_airport_id_667a1d58" ON "index_airport_airplane" ("airport_id");
CREATE INDEX IF NOT EXISTS "index_airport_airplane_aircraft_id_dc066236" ON "index_airport_airplane" ("aircraft_id");
CREATE UNIQUE INDEX "index_flight_airplane_flight_id_aircraft_id_d5c3f8d3_uniq" ON "index_flight_airplane" ("flight_id", "aircraft_id");
CREATE INDEX IF NOT EXISTS "index_flight_airplane_flight_id_372d8ef2" ON "index_flight_airplane" ("flight_id");
CREATE INDEX IF NOT EXISTS "index_flight_airplane_aircraft_id_e7b1ea5c" ON "index_flight_airplane" ("aircraft_id");
CREATE TABLE IF NOT EXISTS "auth_user_user_permissions" ("id" integer NOT NULL PRIMARY KEY AUTOINCREMENT, "user_id" integer NOT NULL REFERENCES "auth_user" ("id") DEFERRABLE INITIALLY DEFERRED, "permission_id" integer NOT NULL REFERENCES "auth_permission" ("id") DEFERRABLE INITIALLY DEFERRED);
CREATE UNIQUE INDEX "auth_group_permissions_group_id_permission_id_0cd325b0_uniq" ON "auth_group_permissions" ("group_id", "permission_id");
CREATE INDEX IF NOT EXISTS "auth_group_permissions_group_id_b120cbf9" ON "auth_group_permissions" ("group_id");
CREATE INDEX IF NOT EXISTS "auth_group_permissions_permission_id_84c5c92e" ON "auth_group_permissions" ("permission_id");
CREATE UNIQUE INDEX "auth_user_groups_user_id_group_id_94350c0c_uniq" ON "auth_user_groups" ("user_id", "group_id");
CREATE INDEX IF NOT EXISTS "auth_user_groups_user_id_6a12ed8b" ON "auth_user_groups" ("user_id");
CREATE INDEX IF NOT EXISTS "auth_user_groups_group_id_97559544" ON "auth_user_groups" ("group_id");
CREATE UNIQUE INDEX "auth_user_user_permissions_user_id_permission_id_14a6b632_uniq" ON "auth_user_user_permissions" ("user_id", "permission_id");
CREATE INDEX IF NOT EXISTS "auth_user_user_permissions_user_id_a95ead1b" ON "auth_user_user_permissions" ("user_id");
CREATE INDEX IF NOT EXISTS "auth_user_user_permissions_permission_id_1fbb5f2c" ON "auth_user_user_permissions" ("permission_id");
CREATE INDEX IF NOT EXISTS "django_admin_log_content_type_id_c4bce8eb" ON "django_admin_log" ("content_type_id");
CREATE INDEX IF NOT EXISTS "django_admin_log_user_id_c564eba6" ON "django_admin_log" ("user_id");
CREATE UNIQUE INDEX "django_content_type_app_label_model_76bd3d3b_uniq" ON "django_content_type" ("app_label", "model");
CREATE UNIQUE INDEX "auth_permission_content_type_id_codename_01ab375a_uniq" ON "auth_permission" ("content_type_id", "codename");
CREATE INDEX IF NOT EXISTS "auth_permission_content_type_id_2f476e4b" ON "auth_permission" ("content_type_id");
CREATE UNIQUE INDEX "index_flight_crew_flight_id_crew_id_1de42d63_uniq" ON "index_flight_crew" ("flight_id", "crew_id");
CREATE INDEX IF NOT EXISTS "index_flight_crew_flight_id_acab4c24" ON "index_flight_crew" ("flight_id");
CREATE INDEX IF NOT EXISTS "index_flight_crew_crew_id_7c8554b2" ON "index_flight_crew" ("crew_id");
CREATE UNIQUE INDEX "index_flight_passenger_flight_id_passenger_id_2e1ccd50_uniq" ON "index_flight_passenger" ("flight_id", "passenger_id");
CREATE INDEX IF NOT EXISTS "index_flight_passenger_flight_id_a8a91cd2" ON "index_flight_passenger" ("flight_id");
CREATE INDEX IF NOT EXISTS "index_flight_passenger_passenger_id_31971405" ON "index_flight_passenger" ("passenger_id");
CREATE UNIQUE INDEX "index_airport_agency_airport_id_agency_id_941d6ef3_uniq" ON "index_airport_agency" ("airport_id", "agency_id");
CREATE INDEX IF NOT EXISTS "index_airport_agency_airport_id_bb8deeca" ON "index_airport_agency" ("airport_id");
CREATE INDEX IF NOT EXISTS "index_airport_agency_agency_id_1a31f983" ON "index_airport_agency" ("agency_id");
CREATE INDEX IF NOT EXISTS "django_session_expire_date_a5c62663" ON "django_session" ("expire_date");
CREATE INDEX IF NOT EXISTS "index_flight_airport_id_a8892d30" ON "index_flight" ("airport_id");
CREATE UNIQUE INDEX "index_airport_airplane_airport_id_aircraft_id_efe4bdb4_uniq" ON "index_airport_airplane" ("airport_id", "aircraft_id");
CREATE INDEX IF NOT EXISTS "index_airport_airplane_airport_id_667a1d58" ON "index_airport_airplane" ("airport_id");
CREATE INDEX IF NOT EXISTS "index_airport_airplane_aircraft_id_dc066236" ON "index_airport_airplane" ("aircraft_id");
CREATE UNIQUE INDEX "index_flight_airplane_flight_id_aircraft_id_d5c3f8d3_uniq" ON "index_flight_airplane" ("flight_id", "aircraft_id");
CREATE INDEX IF NOT EXISTS "index_flight_airplane_flight_id_372d8ef2" ON "index_flight_airplane" ("flight_id");
CREATE INDEX IF NOT EXISTS "index_flight_airplane_aircraft_id_e7b1ea5c" ON "index_flight_airplane" ("aircraft_id");
CREATE TABLE IF NOT EXISTS "django_admin_log" ("id" integer NOT NULL PRIMARY KEY AUTOINCREMENT, "action_time" datetime NOT NULL, "object_id" text NULL, "object_repr" varchar(200) NOT NULL, "change_message" text NOT NULL, "content_type_id" integer NULL REFERENCES "django_content_type" ("id") DEFERRABLE INITIALLY DEFERRED, "user_id" integer NOT NULL REFERENCES "auth_user" ("id") DEFERRABLE INITIALLY DEFERRED, "action_flag" smallint unsigned NOT NULL CHECK ("action_flag" >= 0));
INSERT INTO "django_admin_log" VALUES(1,'2020-07-08 21:38:12.197471','1','Agency object (1)','[{"added": {}}]',11,1,1);
INSERT INTO "django_admin_log" VALUES(2,'2020-07-08 21:38:42.622890','2','Agency object (2)','[{"added": {}}]',11,1,1);
INSERT INTO "django_admin_log" VALUES(3,'2020-07-08 21:40:02.420074','1','Aircraft object (1)','[{"added": {}}]',14,1,1);
INSERT INTO "django_admin_log" VALUES(4,'2020-07-08 21:40:14.937356','2','Aircraft object (2)','[{"added": {}}]',14,1,1);
INSERT INTO "django_admin_log" VALUES(5,'2020-07-08 21:40:27.528996','3','Aircraft object (3)','[{"added": {}}]',14,1,1);
INSERT INTO "django_admin_log" VALUES(6,'2020-07-08 21:41:24.998085','1','Airport object (1)','[{"added": {}}]',12,1,1);
INSERT INTO "django_admin_log" VALUES(7,'2020-07-08 21:41:39.029029','2','Airport object (2)','[{"added": {}}]',12,1,1);
INSERT INTO "django_admin_log" VALUES(8,'2020-07-08 21:42:04.210504','3','Airport object (3)','[{"added": {}}]',12,1,1);
INSERT INTO "django_admin_log" VALUES(9,'2020-07-09 05:04:11.273194','1','Crew object (1)','[{"added": {}}]',13,1,1);
INSERT INTO "django_admin_log" VALUES(10,'2020-07-09 05:11:02.370307','2','Crew object (2)','[{"added": {}}]',13,1,1);
INSERT INTO "django_admin_log" VALUES(11,'2020-07-09 05:12:22.544777','3','Crew object (3)','[{"added": {}}]',13,1,1);
INSERT INTO "django_admin_log" VALUES(12,'2020-07-09 05:15:20.941878','1','Passenger object (1)','[{"added": {}}]',9,1,1);
INSERT INTO "django_admin_log" VALUES(13,'2020-07-09 05:15:48.263290','2','Passenger object (2)','[{"added": {}}]',9,1,1);
INSERT INTO "django_admin_log" VALUES(14,'2020-07-09 05:16:18.212605','1','Flight object (1)','[{"added": {}}]',8,1,1);
INSERT INTO "django_admin_log" VALUES(15,'2020-07-09 05:18:39.150757','1','Flight object (1)','[{"changed": {"fields": ["Airplane"]}}]',8,1,2);
INSERT INTO "django_admin_log" VALUES(16,'2020-07-09 05:20:07.888740','1','Flight object (1)','[{"changed": {"fields": ["Airplane"]}}]',8,1,2);
INSERT INTO "django_admin_log" VALUES(17,'2020-07-09 05:32:04.996508','1','Flight object (1)','[]',8,1,2);
INSERT INTO "django_admin_log" VALUES(18,'2020-07-09 07:30:28.690714','1','Ticket object (1)','[{"added": {}}]',10,1,1);
INSERT INTO "django_admin_log" VALUES(19,'2020-07-09 08:00:56.053323','5','Ticket object (5)','',10,1,3);
INSERT INTO "django_admin_log" VALUES(20,'2020-07-09 08:00:56.202342','4','Ticket object (4)','',10,1,3);
INSERT INTO "django_admin_log" VALUES(21,'2020-07-09 08:00:56.335105','3','Ticket object (3)','',10,1,3);
INSERT INTO "django_admin_log" VALUES(22,'2020-07-09 08:03:32.327877','6','Ticket object (6)','',10,1,3);
INSERT INTO "django_admin_log" VALUES(23,'2020-07-09 08:03:32.779770','2','Ticket object (2)','',10,1,3);
INSERT INTO "django_admin_log" VALUES(24,'2020-07-09 08:03:33.335773','1','Ticket object (1)','',10,1,3);
INSERT INTO "django_admin_log" VALUES(25,'2020-07-09 09:18:10.623246','4','Crew object (4)','[{"changed": {"fields": ["Email", "Pilot or not", "Profile photo"]}}]',13,1,2);
CREATE UNIQUE INDEX "auth_group_permissions_group_id_permission_id_0cd325b0_uniq" ON "auth_group_permissions" ("group_id", "permission_id");
CREATE INDEX IF NOT EXISTS "auth_group_permissions_group_id_b120cbf9" ON "auth_group_permissions" ("group_id");
CREATE INDEX IF NOT EXISTS "auth_group_permissions_permission_id_84c5c92e" ON "auth_group_permissions" ("permission_id");
CREATE UNIQUE INDEX "auth_user_groups_user_id_group_id_94350c0c_uniq" ON "auth_user_groups" ("user_id", "group_id");
CREATE INDEX IF NOT EXISTS "auth_user_groups_user_id_6a12ed8b" ON "auth_user_groups" ("user_id");
CREATE INDEX IF NOT EXISTS "auth_user_groups_group_id_97559544" ON "auth_user_groups" ("group_id");
CREATE UNIQUE INDEX "auth_user_user_permissions_user_id_permission_id_14a6b632_uniq" ON "auth_user_user_permissions" ("user_id", "permission_id");
CREATE INDEX IF NOT EXISTS "auth_user_user_permissions_user_id_a95ead1b" ON "auth_user_user_permissions" ("user_id");
CREATE INDEX IF NOT EXISTS "auth_user_user_permissions_permission_id_1fbb5f2c" ON "auth_user_user_permissions" ("permission_id");
CREATE INDEX IF NOT EXISTS "django_admin_log_content_type_id_c4bce8eb" ON "django_admin_log" ("content_type_id");
CREATE INDEX IF NOT EXISTS "django_admin_log_user_id_c564eba6" ON "django_admin_log" ("user_id");
CREATE UNIQUE INDEX "django_content_type_app_label_model_76bd3d3b_uniq" ON "django_content_type" ("app_label", "model");
CREATE UNIQUE INDEX "auth_permission_content_type_id_codename_01ab375a_uniq" ON "auth_permission" ("content_type_id", "codename");
CREATE INDEX IF NOT EXISTS "auth_permission_content_type_id_2f476e4b" ON "auth_permission" ("content_type_id");
CREATE UNIQUE INDEX "index_flight_crew_flight_id_crew_id_1de42d63_uniq" ON "index_flight_crew" ("flight_id", "crew_id");
CREATE INDEX IF NOT EXISTS "index_flight_crew_flight_id_acab4c24" ON "index_flight_crew" ("flight_id");
CREATE INDEX IF NOT EXISTS "index_flight_crew_crew_id_7c8554b2" ON "index_flight_crew" ("crew_id");
CREATE UNIQUE INDEX "index_flight_passenger_flight_id_passenger_id_2e1ccd50_uniq" ON "index_flight_passenger" ("flight_id", "passenger_id");
CREATE INDEX IF NOT EXISTS "index_flight_passenger_flight_id_a8a91cd2" ON "index_flight_passenger" ("flight_id");
CREATE INDEX IF NOT EXISTS "index_flight_passenger_passenger_id_31971405" ON "index_flight_passenger" ("passenger_id");
CREATE UNIQUE INDEX "index_airport_agency_airport_id_agency_id_941d6ef3_uniq" ON "index_airport_agency" ("airport_id", "agency_id");
CREATE INDEX IF NOT EXISTS "index_airport_agency_airport_id_bb8deeca" ON "index_airport_agency" ("airport_id");
CREATE INDEX IF NOT EXISTS "index_airport_agency_agency_id_1a31f983" ON "index_airport_agency" ("agency_id");
CREATE INDEX IF NOT EXISTS "django_session_expire_date_a5c62663" ON "django_session" ("expire_date");
CREATE INDEX IF NOT EXISTS "index_flight_airport_id_a8892d30" ON "index_flight" ("airport_id");
CREATE UNIQUE INDEX "index_airport_airplane_airport_id_aircraft_id_efe4bdb4_uniq" ON "index_airport_airplane" ("airport_id", "aircraft_id");
CREATE INDEX IF NOT EXISTS "index_airport_airplane_airport_id_667a1d58" ON "index_airport_airplane" ("airport_id");
CREATE INDEX IF NOT EXISTS "index_airport_airplane_aircraft_id_dc066236" ON "index_airport_airplane" ("aircraft_id");
CREATE UNIQUE INDEX "index_flight_airplane_flight_id_aircraft_id_d5c3f8d3_uniq" ON "index_flight_airplane" ("flight_id", "aircraft_id");
CREATE INDEX IF NOT EXISTS "index_flight_airplane_flight_id_372d8ef2" ON "index_flight_airplane" ("flight_id");
CREATE INDEX IF NOT EXISTS "index_flight_airplane_aircraft_id_e7b1ea5c" ON "index_flight_airplane" ("aircraft_id");
CREATE TABLE IF NOT EXISTS "django_content_type" ("id" integer NOT NULL PRIMARY KEY AUTOINCREMENT, "app_label" varchar(100) NOT NULL, "model" varchar(100) NOT NULL);
INSERT INTO "django_content_type" VALUES(1,'admin','logentry');
INSERT INTO "django_content_type" VALUES(2,'auth','permission');
INSERT INTO "django_content_type" VALUES(3,'auth','group');
INSERT INTO "django_content_type" VALUES(4,'auth','user');
INSERT INTO "django_content_type" VALUES(5,'contenttypes','contenttype');
INSERT INTO "django_content_type" VALUES(6,'sessions','session');
INSERT INTO "django_content_type" VALUES(7,'accounts','userprofileinfo');
INSERT INTO "django_content_type" VALUES(8,'index','flight');
INSERT INTO "django_content_type" VALUES(9,'index','passenger');
INSERT INTO "django_content_type" VALUES(10,'index','ticket');
INSERT INTO "django_content_type" VALUES(11,'index','agency');
INSERT INTO "django_content_type" VALUES(12,'index','airport');
INSERT INTO "django_content_type" VALUES(13,'index','crew');
INSERT INTO "django_content_type" VALUES(14,'index','aircraft');
CREATE UNIQUE INDEX "auth_group_permissions_group_id_permission_id_0cd325b0_uniq" ON "auth_group_permissions" ("group_id", "permission_id");
CREATE INDEX IF NOT EXISTS "auth_group_permissions_group_id_b120cbf9" ON "auth_group_permissions" ("group_id");
CREATE INDEX IF NOT EXISTS "auth_group_permissions_permission_id_84c5c92e" ON "auth_group_permissions" ("permission_id");
CREATE UNIQUE INDEX "auth_user_groups_user_id_group_id_94350c0c_uniq" ON "auth_user_groups" ("user_id", "group_id");
CREATE INDEX IF NOT EXISTS "auth_user_groups_user_id_6a12ed8b" ON "auth_user_groups" ("user_id");
CREATE INDEX IF NOT EXISTS "auth_user_groups_group_id_97559544" ON "auth_user_groups" ("group_id");
CREATE UNIQUE INDEX "auth_user_user_permissions_user_id_permission_id_14a6b632_uniq" ON "auth_user_user_permissions" ("user_id", "permission_id");
CREATE INDEX IF NOT EXISTS "auth_user_user_permissions_user_id_a95ead1b" ON "auth_user_user_permissions" ("user_id");
CREATE INDEX IF NOT EXISTS "auth_user_user_permissions_permission_id_1fbb5f2c" ON "auth_user_user_permissions" ("permission_id");
CREATE INDEX IF NOT EXISTS "django_admin_log_content_type_id_c4bce8eb" ON "django_admin_log" ("content_type_id");
CREATE INDEX IF NOT EXISTS "django_admin_log_user_id_c564eba6" ON "django_admin_log" ("user_id");
CREATE UNIQUE INDEX "django_content_type_app_label_model_76bd3d3b_uniq" ON "django_content_type" ("app_label", "model");
CREATE UNIQUE INDEX "auth_permission_content_type_id_codename_01ab375a_uniq" ON "auth_permission" ("content_type_id", "codename");
CREATE INDEX IF NOT EXISTS "auth_permission_content_type_id_2f476e4b" ON "auth_permission" ("content_type_id");
CREATE UNIQUE INDEX "index_flight_crew_flight_id_crew_id_1de42d63_uniq" ON "index_flight_crew" ("flight_id", "crew_id");
CREATE INDEX IF NOT EXISTS "index_flight_crew_flight_id_acab4c24" ON "index_flight_crew" ("flight_id");
CREATE INDEX IF NOT EXISTS "index_flight_crew_crew_id_7c8554b2" ON "index_flight_crew" ("crew_id");
CREATE UNIQUE INDEX "index_flight_passenger_flight_id_passenger_id_2e1ccd50_uniq" ON "index_flight_passenger" ("flight_id", "passenger_id");
CREATE INDEX IF NOT EXISTS "index_flight_passenger_flight_id_a8a91cd2" ON "index_flight_passenger" ("flight_id");
CREATE INDEX IF NOT EXISTS "index_flight_passenger_passenger_id_31971405" ON "index_flight_passenger" ("passenger_id");
CREATE UNIQUE INDEX "index_airport_agency_airport_id_agency_id_941d6ef3_uniq" ON "index_airport_agency" ("airport_id", "agency_id");
CREATE INDEX IF NOT EXISTS "index_airport_agency_airport_id_bb8deeca" ON "index_airport_agency" ("airport_id");
CREATE INDEX IF NOT EXISTS "index_airport_agency_agency_id_1a31f983" ON "index_airport_agency" ("agency_id");
CREATE INDEX IF NOT EXISTS "django_session_expire_date_a5c62663" ON "django_session" ("expire_date");
CREATE INDEX IF NOT EXISTS "index_flight_airport_id_a8892d30" ON "index_flight" ("airport_id");
CREATE UNIQUE INDEX "index_airport_airplane_airport_id_aircraft_id_efe4bdb4_uniq" ON "index_airport_airplane" ("airport_id", "aircraft_id");
CREATE INDEX IF NOT EXISTS "index_airport_airplane_airport_id_667a1d58" ON "index_airport_airplane" ("airport_id");
CREATE INDEX IF NOT EXISTS "index_airport_airplane_aircraft_id_dc066236" ON "index_airport_airplane" ("aircraft_id");
CREATE UNIQUE INDEX "index_flight_airplane_flight_id_aircraft_id_d5c3f8d3_uniq" ON "index_flight_airplane" ("flight_id", "aircraft_id");
CREATE INDEX IF NOT EXISTS "index_flight_airplane_flight_id_372d8ef2" ON "index_flight_airplane" ("flight_id");
CREATE INDEX IF NOT EXISTS "index_flight_airplane_aircraft_id_e7b1ea5c" ON "index_flight_airplane" ("aircraft_id");
CREATE TABLE IF NOT EXISTS "django_migrations" ("id" integer NOT NULL PRIMARY KEY AUTOINCREMENT, "app" varchar(255) NOT NULL, "name" varchar(255) NOT NULL, "applied" datetime NOT NULL);
INSERT INTO "django_migrations" VALUES(1,'contenttypes','0001_initial','2020-07-08 21:33:33.950306');
INSERT INTO "django_migrations" VALUES(2,'auth','0001_initial','2020-07-08 21:33:34.134972');
INSERT INTO "django_migrations" VALUES(3,'accounts','0001_initial','2020-07-08 21:33:34.265346');
INSERT INTO "django_migrations" VALUES(4,'admin','0001_initial','2020-07-08 21:33:34.411070');
INSERT INTO "django_migrations" VALUES(5,'admin','0002_logentry_remove_auto_add','2020-07-08 21:33:34.546305');
INSERT INTO "django_migrations" VALUES(6,'admin','0003_logentry_add_action_flag_choices','2020-07-08 21:33:34.724015');
INSERT INTO "django_migrations" VALUES(7,'contenttypes','0002_remove_content_type_name','2020-07-08 21:33:34.878703');
INSERT INTO "django_migrations" VALUES(8,'auth','0002_alter_permission_name_max_length','2020-07-08 21:33:35.030250');
INSERT INTO "django_migrations" VALUES(9,'auth','0003_alter_user_email_max_length','2020-07-08 21:33:35.235622');
INSERT INTO "django_migrations" VALUES(10,'auth','0004_alter_user_username_opts','2020-07-08 21:33:35.443727');
INSERT INTO "django_migrations" VALUES(11,'auth','0005_alter_user_last_login_null','2020-07-08 21:33:35.604140');
INSERT INTO "django_migrations" VALUES(12,'auth','0006_require_contenttypes_0002','2020-07-08 21:33:35.794141');
INSERT INTO "django_migrations" VALUES(13,'auth','0007_alter_validators_add_error_messages','2020-07-08 21:33:36.085422');
INSERT INTO "django_migrations" VALUES(14,'auth','0008_alter_user_username_max_length','2020-07-08 21:33:36.236137');
INSERT INTO "django_migrations" VALUES(15,'auth','0009_alter_user_last_name_max_length','2020-07-08 21:33:36.415087');
INSERT INTO "django_migrations" VALUES(16,'auth','0010_alter_group_name_max_length','2020-07-08 21:33:36.565818');
INSERT INTO "django_migrations" VALUES(17,'auth','0011_update_proxy_permissions','2020-07-08 21:33:36.718448');
INSERT INTO "django_migrations" VALUES(18,'index','0001_initial','2020-07-08 21:33:36.849047');
INSERT INTO "django_migrations" VALUES(19,'index','0002_auto_20200705_1105','2020-07-08 21:33:37.038402');
INSERT INTO "django_migrations" VALUES(20,'index','0003_ticket','2020-07-08 21:33:37.207030');
INSERT INTO "django_migrations" VALUES(21,'index','0004_agency_airplane_airport','2020-07-08 21:33:37.363725');
INSERT INTO "django_migrations" VALUES(22,'index','0005_crew','2020-07-08 21:33:37.487292');
INSERT INTO "django_migrations" VALUES(23,'index','0006_remove_ticket_flight','2020-07-08 21:33:37.648903');
INSERT INTO "django_migrations" VALUES(24,'index','0007_auto_20200705_2302','2020-07-08 21:33:37.808702');
INSERT INTO "django_migrations" VALUES(25,'index','0008_auto_20200707_0841','2020-07-08 21:33:38.001362');
INSERT INTO "django_migrations" VALUES(26,'index','0009_remove_crew_gender','2020-07-08 21:33:38.146052');
INSERT INTO "django_migrations" VALUES(27,'index','0010_auto_20200707_1214','2020-07-08 21:33:38.380803');
INSERT INTO "django_migrations" VALUES(28,'index','0011_auto_20200707_1217','2020-07-08 21:33:38.504244');
INSERT INTO "django_migrations" VALUES(29,'index','0012_auto_20200707_1616','2020-07-08 21:33:38.677402');
INSERT INTO "django_migrations" VALUES(30,'index','0013_auto_20200707_1806','2020-07-08 21:33:38.911662');
INSERT INTO "django_migrations" VALUES(31,'index','0014_auto_20200708_1337','2020-07-08 21:33:39.141936');
INSERT INTO "django_migrations" VALUES(32,'index','0015_auto_20200708_1427','2020-07-08 21:33:39.332117');
INSERT INTO "django_migrations" VALUES(33,'index','0016_auto_20200708_1454','2020-07-08 21:33:39.470174');
INSERT INTO "django_migrations" VALUES(34,'index','0017_auto_20200708_1505','2020-07-08 21:33:39.725893');
INSERT INTO "django_migrations" VALUES(35,'index','0018_auto_20200708_1522','2020-07-08 21:33:39.944214');
INSERT INTO "django_migrations" VALUES(36,'index','0019_auto_20200708_2128','2020-07-08 21:33:40.166968');
INSERT INTO "django_migrations" VALUES(37,'index','0020_auto_20200708_2128','2020-07-08 21:33:40.383166');
INSERT INTO "django_migrations" VALUES(38,'index','0021_auto_20200708_2129','2020-07-08 21:33:40.524033');
INSERT INTO "django_migrations" VALUES(39,'index','0022_auto_20200708_2130','2020-07-08 21:33:40.695447');
INSERT INTO "django_migrations" VALUES(40,'index','0023_auto_20200708_2130','2020-07-08 21:33:40.855477');
INSERT INTO "django_migrations" VALUES(41,'index','0024_auto_20200708_2130','2020-07-08 21:33:41.062795');
INSERT INTO "django_migrations" VALUES(42,'index','0025_auto_20200708_2132','2020-07-08 21:33:41.470058');
INSERT INTO "django_migrations" VALUES(43,'index','0026_auto_20200708_2133','2020-07-08 21:33:41.629622');
INSERT INTO "django_migrations" VALUES(44,'sessions','0001_initial','2020-07-08 21:33:41.837523');
INSERT INTO "django_migrations" VALUES(45,'index','0027_auto_20200709_0518','2020-07-09 05:18:06.580425');
INSERT INTO "django_migrations" VALUES(46,'index','0028_auto_20200709_0519','2020-07-09 05:19:45.898272');
INSERT INTO "django_migrations" VALUES(47,'index','0029_auto_20200709_0802','2020-07-09 08:03:37.346839');
INSERT INTO "django_migrations" VALUES(48,'index','0030_auto_20200709_0918','2020-07-09 09:18:40.059585');
CREATE UNIQUE INDEX "auth_group_permissions_group_id_permission_id_0cd325b0_uniq" ON "auth_group_permissions" ("group_id", "permission_id");
CREATE INDEX IF NOT EXISTS "auth_group_permissions_group_id_b120cbf9" ON "auth_group_permissions" ("group_id");
CREATE INDEX IF NOT EXISTS "auth_group_permissions_permission_id_84c5c92e" ON "auth_group_permissions" ("permission_id");
CREATE UNIQUE INDEX "auth_user_groups_user_id_group_id_94350c0c_uniq" ON "auth_user_groups" ("user_id", "group_id");
CREATE INDEX IF NOT EXISTS "auth_user_groups_user_id_6a12ed8b" ON "auth_user_groups" ("user_id");
CREATE INDEX IF NOT EXISTS "auth_user_groups_group_id_97559544" ON "auth_user_groups" ("group_id");
CREATE UNIQUE INDEX "auth_user_user_permissions_user_id_permission_id_14a6b632_uniq" ON "auth_user_user_permissions" ("user_id", "permission_id");
CREATE INDEX IF NOT EXISTS "auth_user_user_permissions_user_id_a95ead1b" ON "auth_user_user_permissions" ("user_id");
CREATE INDEX IF NOT EXISTS "auth_user_user_permissions_permission_id_1fbb5f2c" ON "auth_user_user_permissions" ("permission_id");
CREATE INDEX IF NOT EXISTS "django_admin_log_content_type_id_c4bce8eb" ON "django_admin_log" ("content_type_id");
CREATE INDEX IF NOT EXISTS "django_admin_log_user_id_c564eba6" ON "django_admin_log" ("user_id");
CREATE UNIQUE INDEX "django_content_type_app_label_model_76bd3d3b_uniq" ON "django_content_type" ("app_label", "model");
CREATE UNIQUE INDEX "auth_permission_content_type_id_codename_01ab375a_uniq" ON "auth_permission" ("content_type_id", "codename");
CREATE INDEX IF NOT EXISTS "auth_permission_content_type_id_2f476e4b" ON "auth_permission" ("content_type_id");
CREATE UNIQUE INDEX "index_flight_crew_flight_id_crew_id_1de42d63_uniq" ON "index_flight_crew" ("flight_id", "crew_id");
CREATE INDEX IF NOT EXISTS "index_flight_crew_flight_id_acab4c24" ON "index_flight_crew" ("flight_id");
CREATE INDEX IF NOT EXISTS "index_flight_crew_crew_id_7c8554b2" ON "index_flight_crew" ("crew_id");
CREATE UNIQUE INDEX "index_flight_passenger_flight_id_passenger_id_2e1ccd50_uniq" ON "index_flight_passenger" ("flight_id", "passenger_id");
CREATE INDEX IF NOT EXISTS "index_flight_passenger_flight_id_a8a91cd2" ON "index_flight_passenger" ("flight_id");
CREATE INDEX IF NOT EXISTS "index_flight_passenger_passenger_id_31971405" ON "index_flight_passenger" ("passenger_id");
CREATE UNIQUE INDEX "index_airport_agency_airport_id_agency_id_941d6ef3_uniq" ON "index_airport_agency" ("airport_id", "agency_id");
CREATE INDEX IF NOT EXISTS "index_airport_agency_airport_id_bb8deeca" ON "index_airport_agency" ("airport_id");
CREATE INDEX IF NOT EXISTS "index_airport_agency_agency_id_1a31f983" ON "index_airport_agency" ("agency_id");
CREATE INDEX IF NOT EXISTS "django_session_expire_date_a5c62663" ON "django_session" ("expire_date");
CREATE INDEX IF NOT EXISTS "index_flight_airport_id_a8892d30" ON "index_flight" ("airport_id");
CREATE UNIQUE INDEX "index_airport_airplane_airport_id_aircraft_id_efe4bdb4_uniq" ON "index_airport_airplane" ("airport_id", "aircraft_id");
CREATE INDEX IF NOT EXISTS "index_airport_airplane_airport_id_667a1d58" ON "index_airport_airplane" ("airport_id");
CREATE INDEX IF NOT EXISTS "index_airport_airplane_aircraft_id_dc066236" ON "index_airport_airplane" ("aircraft_id");
CREATE UNIQUE INDEX "index_flight_airplane_flight_id_aircraft_id_d5c3f8d3_uniq" ON "index_flight_airplane" ("flight_id", "aircraft_id");
CREATE INDEX IF NOT EXISTS "index_flight_airplane_flight_id_372d8ef2" ON "index_flight_airplane" ("flight_id");
CREATE INDEX IF NOT EXISTS "index_flight_airplane_aircraft_id_e7b1ea5c" ON "index_flight_airplane" ("aircraft_id");
CREATE TABLE IF NOT EXISTS "django_session" ("session_key" varchar(40) NOT NULL PRIMARY KEY, "session_data" text NOT NULL, "expire_date" datetime NOT NULL);
INSERT INTO "django_session" VALUES('wvnnpm0twlepv1wt7pyix41y5k6ohkrn','MjkyNzM1ZTljYzNmZmMwMzU1MGFjOTg5ODIxZDg3OGU5NGMyOGVmMzp7Il9hdXRoX3VzZXJfaWQiOiIxIiwiX2F1dGhfdXNlcl9iYWNrZW5kIjoiZGphbmdvLmNvbnRyaWIuYXV0aC5iYWNrZW5kcy5Nb2RlbEJhY2tlbmQiLCJfYXV0aF91c2VyX2hhc2giOiI1MGUzMjRkNjM0MGEwYmYzNjE3ZWRlZDcyY2IwZTJhYWY3OTRkZGZiIn0=','2020-07-22 21:35:02.673829');
CREATE UNIQUE INDEX "auth_group_permissions_group_id_permission_id_0cd325b0_uniq" ON "auth_group_permissions" ("group_id", "permission_id");
CREATE INDEX IF NOT EXISTS "auth_group_permissions_group_id_b120cbf9" ON "auth_group_permissions" ("group_id");
CREATE INDEX IF NOT EXISTS "auth_group_permissions_permission_id_84c5c92e" ON "auth_group_permissions" ("permission_id");
CREATE UNIQUE INDEX "auth_user_groups_user_id_group_id_94350c0c_uniq" ON "auth_user_groups" ("user_id", "group_id");
CREATE INDEX IF NOT EXISTS "auth_user_groups_user_id_6a12ed8b" ON "auth_user_groups" ("user_id");
CREATE INDEX IF NOT EXISTS "auth_user_groups_group_id_97559544" ON "auth_user_groups" ("group_id");
CREATE UNIQUE INDEX "auth_user_user_permissions_user_id_permission_id_14a6b632_uniq" ON "auth_user_user_permissions" ("user_id", "permission_id");
CREATE INDEX IF NOT EXISTS "auth_user_user_permissions_user_id_a95ead1b" ON "auth_user_user_permissions" ("user_id");
CREATE INDEX IF NOT EXISTS "auth_user_user_permissions_permission_id_1fbb5f2c" ON "auth_user_user_permissions" ("permission_id");
CREATE INDEX IF NOT EXISTS "django_admin_log_content_type_id_c4bce8eb" ON "django_admin_log" ("content_type_id");
CREATE INDEX IF NOT EXISTS "django_admin_log_user_id_c564eba6" ON "django_admin_log" ("user_id");
CREATE UNIQUE INDEX "django_content_type_app_label_model_76bd3d3b_uniq" ON "django_content_type" ("app_label", "model");
CREATE UNIQUE INDEX "auth_permission_content_type_id_codename_01ab375a_uniq" ON "auth_permission" ("content_type_id", "codename");
CREATE INDEX IF NOT EXISTS "auth_permission_content_type_id_2f476e4b" ON "auth_permission" ("content_type_id");
CREATE UNIQUE INDEX "index_flight_crew_flight_id_crew_id_1de42d63_uniq" ON "index_flight_crew" ("flight_id", "crew_id");
CREATE INDEX IF NOT EXISTS "index_flight_crew_flight_id_acab4c24" ON "index_flight_crew" ("flight_id");
CREATE INDEX IF NOT EXISTS "index_flight_crew_crew_id_7c8554b2" ON "index_flight_crew" ("crew_id");
CREATE UNIQUE INDEX "index_flight_passenger_flight_id_passenger_id_2e1ccd50_uniq" ON "index_flight_passenger" ("flight_id", "passenger_id");
CREATE INDEX IF NOT EXISTS "index_flight_passenger_flight_id_a8a91cd2" ON "index_flight_passenger" ("flight_id");
CREATE INDEX IF NOT EXISTS "index_flight_passenger_passenger_id_31971405" ON "index_flight_passenger" ("passenger_id");
CREATE UNIQUE INDEX "index_airport_agency_airport_id_agency_id_941d6ef3_uniq" ON "index_airport_agency" ("airport_id", "agency_id");
CREATE INDEX IF NOT EXISTS "index_airport_agency_airport_id_bb8deeca" ON "index_airport_agency" ("airport_id");
CREATE INDEX IF NOT EXISTS "index_airport_agency_agency_id_1a31f983" ON "index_airport_agency" ("agency_id");
CREATE INDEX IF NOT EXISTS "django_session_expire_date_a5c62663" ON "django_session" ("expire_date");
CREATE INDEX IF NOT EXISTS "index_flight_airport_id_a8892d30" ON "index_flight" ("airport_id");
CREATE UNIQUE INDEX "index_airport_airplane_airport_id_aircraft_id_efe4bdb4_uniq" ON "index_airport_airplane" ("airport_id", "aircraft_id");
CREATE INDEX IF NOT EXISTS "index_airport_airplane_airport_id_667a1d58" ON "index_airport_airplane" ("airport_id");
CREATE INDEX IF NOT EXISTS "index_airport_airplane_aircraft_id_dc066236" ON "index_airport_airplane" ("aircraft_id");
CREATE UNIQUE INDEX "index_flight_airplane_flight_id_aircraft_id_d5c3f8d3_uniq" ON "index_flight_airplane" ("flight_id", "aircraft_id");
CREATE INDEX IF NOT EXISTS "index_flight_airplane_flight_id_372d8ef2" ON "index_flight_airplane" ("flight_id");
CREATE INDEX IF NOT EXISTS "index_flight_airplane_aircraft_id_e7b1ea5c" ON "index_flight_airplane" ("aircraft_id");
CREATE TABLE IF NOT EXISTS "index_agency" ("id" integer NOT NULL PRIMARY KEY AUTOINCREMENT, "name" varchar(100) NOT NULL, "city" varchar(100) NOT NULL, "contract_s_date" date NOT NULL, "contract_d_ate" date NOT NULL, "contract_number" integer NOT NULL UNIQUE);
INSERT INTO "index_agency" VALUES(1,'Azhans1','Mashhad','2018-07-09','2020-07-08',123);
INSERT INTO "index_agency" VALUES(2,'Agency 2','Tehran','2019-11-26','2022-05-19',147);
CREATE UNIQUE INDEX "auth_group_permissions_group_id_permission_id_0cd325b0_uniq" ON "auth_group_permissions" ("group_id", "permission_id");
CREATE INDEX IF NOT EXISTS "auth_group_permissions_group_id_b120cbf9" ON "auth_group_permissions" ("group_id");
CREATE INDEX IF NOT EXISTS "auth_group_permissions_permission_id_84c5c92e" ON "auth_group_permissions" ("permission_id");
CREATE UNIQUE INDEX "auth_user_groups_user_id_group_id_94350c0c_uniq" ON "auth_user_groups" ("user_id", "group_id");
CREATE INDEX IF NOT EXISTS "auth_user_groups_user_id_6a12ed8b" ON "auth_user_groups" ("user_id");
CREATE INDEX IF NOT EXISTS "auth_user_groups_group_id_97559544" ON "auth_user_groups" ("group_id");
CREATE UNIQUE INDEX "auth_user_user_permissions_user_id_permission_id_14a6b632_uniq" ON "auth_user_user_permissions" ("user_id", "permission_id");
CREATE INDEX IF NOT EXISTS "auth_user_user_permissions_user_id_a95ead1b" ON "auth_user_user_permissions" ("user_id");
CREATE INDEX IF NOT EXISTS "auth_user_user_permissions_permission_id_1fbb5f2c" ON "auth_user_user_permissions" ("permission_id");
CREATE INDEX IF NOT EXISTS "django_admin_log_content_type_id_c4bce8eb" ON "django_admin_log" ("content_type_id");
CREATE INDEX IF NOT EXISTS "django_admin_log_user_id_c564eba6" ON "django_admin_log" ("user_id");
CREATE UNIQUE INDEX "django_content_type_app_label_model_76bd3d3b_uniq" ON "django_content_type" ("app_label", "model");
CREATE UNIQUE INDEX "auth_permission_content_type_id_codename_01ab375a_uniq" ON "auth_permission" ("content_type_id", "codename");
CREATE INDEX IF NOT EXISTS "auth_permission_content_type_id_2f476e4b" ON "auth_permission" ("content_type_id");
CREATE UNIQUE INDEX "index_flight_crew_flight_id_crew_id_1de42d63_uniq" ON "index_flight_crew" ("flight_id", "crew_id");
CREATE INDEX IF NOT EXISTS "index_flight_crew_flight_id_acab4c24" ON "index_flight_crew" ("flight_id");
CREATE INDEX IF NOT EXISTS "index_flight_crew_crew_id_7c8554b2" ON "index_flight_crew" ("crew_id");
CREATE UNIQUE INDEX "index_flight_passenger_flight_id_passenger_id_2e1ccd50_uniq" ON "index_flight_passenger" ("flight_id", "passenger_id");
CREATE INDEX IF NOT EXISTS "index_flight_passenger_flight_id_a8a91cd2" ON "index_flight_passenger" ("flight_id");
CREATE INDEX IF NOT EXISTS "index_flight_passenger_passenger_id_31971405" ON "index_flight_passenger" ("passenger_id");
CREATE UNIQUE INDEX "index_airport_agency_airport_id_agency_id_941d6ef3_uniq" ON "index_airport_agency" ("airport_id", "agency_id");
CREATE INDEX IF NOT EXISTS "index_airport_agency_airport_id_bb8deeca" ON "index_airport_agency" ("airport_id");
CREATE INDEX IF NOT EXISTS "index_airport_agency_agency_id_1a31f983" ON "index_airport_agency" ("agency_id");
CREATE INDEX IF NOT EXISTS "django_session_expire_date_a5c62663" ON "django_session" ("expire_date");
CREATE INDEX IF NOT EXISTS "index_flight_airport_id_a8892d30" ON "index_flight" ("airport_id");
CREATE UNIQUE INDEX "index_airport_airplane_airport_id_aircraft_id_efe4bdb4_uniq" ON "index_airport_airplane" ("airport_id", "aircraft_id");
CREATE INDEX IF NOT EXISTS "index_airport_airplane_airport_id_667a1d58" ON "index_airport_airplane" ("airport_id");
CREATE INDEX IF NOT EXISTS "index_airport_airplane_aircraft_id_dc066236" ON "index_airport_airplane" ("aircraft_id");
CREATE UNIQUE INDEX "index_flight_airplane_flight_id_aircraft_id_d5c3f8d3_uniq" ON "index_flight_airplane" ("flight_id", "aircraft_id");
CREATE INDEX IF NOT EXISTS "index_flight_airplane_flight_id_372d8ef2" ON "index_flight_airplane" ("flight_id");
CREATE INDEX IF NOT EXISTS "index_flight_airplane_aircraft_id_e7b1ea5c" ON "index_flight_airplane" ("aircraft_id");
CREATE TABLE IF NOT EXISTS "index_aircraft" ("id" integer NOT NULL PRIMARY KEY AUTOINCREMENT, "capacity" integer NOT NULL, "model" varchar(100) NOT NULL UNIQUE);
INSERT INTO "index_aircraft" VALUES(1,120,'XR-568');
INSERT INTO "index_aircraft" VALUES(2,100,'ZEW-57');
INSERT INTO "index_aircraft" VALUES(3,160,'A556');
INSERT INTO "index_aircraft" VALUES(4,200,'FFC8');
CREATE UNIQUE INDEX "auth_group_permissions_group_id_permission_id_0cd325b0_uniq" ON "auth_group_permissions" ("group_id", "permission_id");
CREATE INDEX IF NOT EXISTS "auth_group_permissions_group_id_b120cbf9" ON "auth_group_permissions" ("group_id");
CREATE INDEX IF NOT EXISTS "auth_group_permissions_permission_id_84c5c92e" ON "auth_group_permissions" ("permission_id");
CREATE UNIQUE INDEX "auth_user_groups_user_id_group_id_94350c0c_uniq" ON "auth_user_groups" ("user_id", "group_id");
CREATE INDEX IF NOT EXISTS "auth_user_groups_user_id_6a12ed8b" ON "auth_user_groups" ("user_id");
CREATE INDEX IF NOT EXISTS "auth_user_groups_group_id_97559544" ON "auth_user_groups" ("group_id");
CREATE UNIQUE INDEX "auth_user_user_permissions_user_id_permission_id_14a6b632_uniq" ON "auth_user_user_permissions" ("user_id", "permission_id");
CREATE INDEX IF NOT EXISTS "auth_user_user_permissions_user_id_a95ead1b" ON "auth_user_user_permissions" ("user_id");
CREATE INDEX IF NOT EXISTS "auth_user_user_permissions_permission_id_1fbb5f2c" ON "auth_user_user_permissions" ("permission_id");
CREATE INDEX IF NOT EXISTS "django_admin_log_content_type_id_c4bce8eb" ON "django_admin_log" ("content_type_id");
CREATE INDEX IF NOT EXISTS "django_admin_log_user_id_c564eba6" ON "django_admin_log" ("user_id");
CREATE UNIQUE INDEX "django_content_type_app_label_model_76bd3d3b_uniq" ON "django_content_type" ("app_label", "model");
CREATE UNIQUE INDEX "auth_permission_content_type_id_codename_01ab375a_uniq" ON "auth_permission" ("content_type_id", "codename");
CREATE INDEX IF NOT EXISTS "auth_permission_content_type_id_2f476e4b" ON "auth_permission" ("content_type_id");
CREATE UNIQUE INDEX "index_flight_crew_flight_id_crew_id_1de42d63_uniq" ON "index_flight_crew" ("flight_id", "crew_id");
CREATE INDEX IF NOT EXISTS "index_flight_crew_flight_id_acab4c24" ON "index_flight_crew" ("flight_id");
CREATE INDEX IF NOT EXISTS "index_flight_crew_crew_id_7c8554b2" ON "index_flight_crew" ("crew_id");
CREATE UNIQUE INDEX "index_flight_passenger_flight_id_passenger_id_2e1ccd50_uniq" ON "index_flight_passenger" ("flight_id", "passenger_id");
CREATE INDEX IF NOT EXISTS "index_flight_passenger_flight_id_a8a91cd2" ON "index_flight_passenger" ("flight_id");
CREATE INDEX IF NOT EXISTS "index_flight_passenger_passenger_id_31971405" ON "index_flight_passenger" ("passenger_id");
CREATE UNIQUE INDEX "index_airport_agency_airport_id_agency_id_941d6ef3_uniq" ON "index_airport_agency" ("airport_id", "agency_id");
CREATE INDEX IF NOT EXISTS "index_airport_agency_airport_id_bb8deeca" ON "index_airport_agency" ("airport_id");
CREATE INDEX IF NOT EXISTS "index_airport_agency_agency_id_1a31f983" ON "index_airport_agency" ("agency_id");
CREATE INDEX IF NOT EXISTS "django_session_expire_date_a5c62663" ON "django_session" ("expire_date");
CREATE INDEX IF NOT EXISTS "index_flight_airport_id_a8892d30" ON "index_flight" ("airport_id");
CREATE UNIQUE INDEX "index_airport_airplane_airport_id_aircraft_id_efe4bdb4_uniq" ON "index_airport_airplane" ("airport_id", "aircraft_id");
CREATE INDEX IF NOT EXISTS "index_airport_airplane_airport_id_667a1d58" ON "index_airport_airplane" ("airport_id");
CREATE INDEX IF NOT EXISTS "index_airport_airplane_aircraft_id_dc066236" ON "index_airport_airplane" ("aircraft_id");
CREATE UNIQUE INDEX "index_flight_airplane_flight_id_aircraft_id_d5c3f8d3_uniq" ON "index_flight_airplane" ("flight_id", "aircraft_id");
CREATE INDEX IF NOT EXISTS "index_flight_airplane_flight_id_372d8ef2" ON "index_flight_airplane" ("flight_id");
CREATE INDEX IF NOT EXISTS "index_flight_airplane_aircraft_id_e7b1ea5c" ON "index_flight_airplane" ("aircraft_id");
CREATE TABLE IF NOT EXISTS "index_airport" ("id" integer NOT NULL PRIMARY KEY AUTOINCREMENT, "city" varchar(100) NOT NULL, "name" varchar(100) NOT NULL UNIQUE);
INSERT INTO "index_airport" VALUES(1,'Tehran','Imam Khomeyni');
INSERT INTO "index_airport" VALUES(2,'Tehran','Mehr Abad');
INSERT INTO "index_airport" VALUES(3,'Shiraz','Rahgard');
CREATE UNIQUE INDEX "auth_group_permissions_group_id_permission_id_0cd325b0_uniq" ON "auth_group_permissions" ("group_id", "permission_id");
CREATE INDEX IF NOT EXISTS "auth_group_permissions_group_id_b120cbf9" ON "auth_group_permissions" ("group_id");
CREATE INDEX IF NOT EXISTS "auth_group_permissions_permission_id_84c5c92e" ON "auth_group_permissions" ("permission_id");
CREATE UNIQUE INDEX "auth_user_groups_user_id_group_id_94350c0c_uniq" ON "auth_user_groups" ("user_id", "group_id");
CREATE INDEX IF NOT EXISTS "auth_user_groups_user_id_6a12ed8b" ON "auth_user_groups" ("user_id");
CREATE INDEX IF NOT EXISTS "auth_user_groups_group_id_97559544" ON "auth_user_groups" ("group_id");
CREATE UNIQUE INDEX "auth_user_user_permissions_user_id_permission_id_14a6b632_uniq" ON "auth_user_user_permissions" ("user_id", "permission_id");
CREATE INDEX IF NOT EXISTS "auth_user_user_permissions_user_id_a95ead1b" ON "auth_user_user_permissions" ("user_id");
CREATE INDEX IF NOT EXISTS "auth_user_user_permissions_permission_id_1fbb5f2c" ON "auth_user_user_permissions" ("permission_id");
CREATE INDEX IF NOT EXISTS "django_admin_log_content_type_id_c4bce8eb" ON "django_admin_log" ("content_type_id");
CREATE INDEX IF NOT EXISTS "django_admin_log_user_id_c564eba6" ON "django_admin_log" ("user_id");
CREATE UNIQUE INDEX "django_content_type_app_label_model_76bd3d3b_uniq" ON "django_content_type" ("app_label", "model");
CREATE UNIQUE INDEX "auth_permission_content_type_id_codename_01ab375a_uniq" ON "auth_permission" ("content_type_id", "codename");
CREATE INDEX IF NOT EXISTS "auth_permission_content_type_id_2f476e4b" ON "auth_permission" ("content_type_id");
CREATE UNIQUE INDEX "index_flight_crew_flight_id_crew_id_1de42d63_uniq" ON "index_flight_crew" ("flight_id", "crew_id");
CREATE INDEX IF NOT EXISTS "index_flight_crew_flight_id_acab4c24" ON "index_flight_crew" ("flight_id");
CREATE INDEX IF NOT EXISTS "index_flight_crew_crew_id_7c8554b2" ON "index_flight_crew" ("crew_id");
CREATE UNIQUE INDEX "index_flight_passenger_flight_id_passenger_id_2e1ccd50_uniq" ON "index_flight_passenger" ("flight_id", "passenger_id");
CREATE INDEX IF NOT EXISTS "index_flight_passenger_flight_id_a8a91cd2" ON "index_flight_passenger" ("flight_id");
CREATE INDEX IF NOT EXISTS "index_flight_passenger_passenger_id_31971405" ON "index_flight_passenger" ("passenger_id");
CREATE UNIQUE INDEX "index_airport_agency_airport_id_agency_id_941d6ef3_uniq" ON "index_airport_agency" ("airport_id", "agency_id");
CREATE INDEX IF NOT EXISTS "index_airport_agency_airport_id_bb8deeca" ON "index_airport_agency" ("airport_id");
CREATE INDEX IF NOT EXISTS "index_airport_agency_agency_id_1a31f983" ON "index_airport_agency" ("agency_id");
CREATE INDEX IF NOT EXISTS "django_session_expire_date_a5c62663" ON "django_session" ("expire_date");
CREATE INDEX IF NOT EXISTS "index_flight_airport_id_a8892d30" ON "index_flight" ("airport_id");
CREATE UNIQUE INDEX "index_airport_airplane_airport_id_aircraft_id_efe4bdb4_uniq" ON "index_airport_airplane" ("airport_id", "aircraft_id");
CREATE INDEX IF NOT EXISTS "index_airport_airplane_airport_id_667a1d58" ON "index_airport_airplane" ("airport_id");
CREATE INDEX IF NOT EXISTS "index_airport_airplane_aircraft_id_dc066236" ON "index_airport_airplane" ("aircraft_id");
CREATE UNIQUE INDEX "index_flight_airplane_flight_id_aircraft_id_d5c3f8d3_uniq" ON "index_flight_airplane" ("flight_id", "aircraft_id");
CREATE INDEX IF NOT EXISTS "index_flight_airplane_flight_id_372d8ef2" ON "index_flight_airplane" ("flight_id");
CREATE INDEX IF NOT EXISTS "index_flight_airplane_aircraft_id_e7b1ea5c" ON "index_flight_airplane" ("aircraft_id");
CREATE TABLE IF NOT EXISTS "index_airport_agency" ("id" integer NOT NULL PRIMARY KEY AUTOINCREMENT, "airport_id" integer NOT NULL REFERENCES "index_airport" ("id") DEFERRABLE INITIALLY DEFERRED, "agency_id" integer NOT NULL REFERENCES "index_agency" ("id") DEFERRABLE INITIALLY DEFERRED);
INSERT INTO "index_airport_agency" VALUES(1,1,1);
INSERT INTO "index_airport_agency" VALUES(2,1,2);
INSERT INTO "index_airport_agency" VALUES(3,2,2);
INSERT INTO "index_airport_agency" VALUES(4,3,1);
CREATE UNIQUE INDEX "auth_group_permissions_group_id_permission_id_0cd325b0_uniq" ON "auth_group_permissions" ("group_id", "permission_id");
CREATE INDEX IF NOT EXISTS "auth_group_permissions_group_id_b120cbf9" ON "auth_group_permissions" ("group_id");
CREATE INDEX IF NOT EXISTS "auth_group_permissions_permission_id_84c5c92e" ON "auth_group_permissions" ("permission_id");
CREATE UNIQUE INDEX "auth_user_groups_user_id_group_id_94350c0c_uniq" ON "auth_user_groups" ("user_id", "group_id");
CREATE INDEX IF NOT EXISTS "auth_user_groups_user_id_6a12ed8b" ON "auth_user_groups" ("user_id");
CREATE INDEX IF NOT EXISTS "auth_user_groups_group_id_97559544" ON "auth_user_groups" ("group_id");
CREATE UNIQUE INDEX "auth_user_user_permissions_user_id_permission_id_14a6b632_uniq" ON "auth_user_user_permissions" ("user_id", "permission_id");
CREATE INDEX IF NOT EXISTS "auth_user_user_permissions_user_id_a95ead1b" ON "auth_user_user_permissions" ("user_id");
CREATE INDEX IF NOT EXISTS "auth_user_user_permissions_permission_id_1fbb5f2c" ON "auth_user_user_permissions" ("permission_id");
CREATE INDEX IF NOT EXISTS "django_admin_log_content_type_id_c4bce8eb" ON "django_admin_log" ("content_type_id");
CREATE INDEX IF NOT EXISTS "django_admin_log_user_id_c564eba6" ON "django_admin_log" ("user_id");
CREATE UNIQUE INDEX "django_content_type_app_label_model_76bd3d3b_uniq" ON "django_content_type" ("app_label", "model");
CREATE UNIQUE INDEX "auth_permission_content_type_id_codename_01ab375a_uniq" ON "auth_permission" ("content_type_id", "codename");
CREATE INDEX IF NOT EXISTS "auth_permission_content_type_id_2f476e4b" ON "auth_permission" ("content_type_id");
CREATE UNIQUE INDEX "index_flight_crew_flight_id_crew_id_1de42d63_uniq" ON "index_flight_crew" ("flight_id", "crew_id");
CREATE INDEX IF NOT EXISTS "index_flight_crew_flight_id_acab4c24" ON "index_flight_crew" ("flight_id");
CREATE INDEX IF NOT EXISTS "index_flight_crew_crew_id_7c8554b2" ON "index_flight_crew" ("crew_id");
CREATE UNIQUE INDEX "index_flight_passenger_flight_id_passenger_id_2e1ccd50_uniq" ON "index_flight_passenger" ("flight_id", "passenger_id");
CREATE INDEX IF NOT EXISTS "index_flight_passenger_flight_id_a8a91cd2" ON "index_flight_passenger" ("flight_id");
CREATE INDEX IF NOT EXISTS "index_flight_passenger_passenger_id_31971405" ON "index_flight_passenger" ("passenger_id");
CREATE UNIQUE INDEX "index_airport_agency_airport_id_agency_id_941d6ef3_uniq" ON "index_airport_agency" ("airport_id", "agency_id");
CREATE INDEX IF NOT EXISTS "index_airport_agency_airport_id_bb8deeca" ON "index_airport_agency" ("airport_id");
CREATE INDEX IF NOT EXISTS "index_airport_agency_agency_id_1a31f983" ON "index_airport_agency" ("agency_id");
CREATE INDEX IF NOT EXISTS "django_session_expire_date_a5c62663" ON "django_session" ("expire_date");
CREATE INDEX IF NOT EXISTS "index_flight_airport_id_a8892d30" ON "index_flight" ("airport_id");
CREATE UNIQUE INDEX "index_airport_airplane_airport_id_aircraft_id_efe4bdb4_uniq" ON "index_airport_airplane" ("airport_id", "aircraft_id");
CREATE INDEX IF NOT EXISTS "index_airport_airplane_airport_id_667a1d58" ON "index_airport_airplane" ("airport_id");
CREATE INDEX IF NOT EXISTS "index_airport_airplane_aircraft_id_dc066236" ON "index_airport_airplane" ("aircraft_id");
CREATE UNIQUE INDEX "index_flight_airplane_flight_id_aircraft_id_d5c3f8d3_uniq" ON "index_flight_airplane" ("flight_id", "aircraft_id");
CREATE INDEX IF NOT EXISTS "index_flight_airplane_flight_id_372d8ef2" ON "index_flight_airplane" ("flight_id");
CREATE INDEX IF NOT EXISTS "index_flight_airplane_aircraft_id_e7b1ea5c" ON "index_flight_airplane" ("aircraft_id");
CREATE TABLE IF NOT EXISTS "index_airport_airplane" ("id" integer NOT NULL PRIMARY KEY AUTOINCREMENT, "airport_id" integer NOT NULL REFERENCES "index_airport" ("id") DEFERRABLE INITIALLY DEFERRED, "aircraft_id" integer NOT NULL REFERENCES "index_aircraft" ("id") DEFERRABLE INITIALLY DEFERRED);
INSERT INTO "index_airport_airplane" VALUES(1,1,1);
INSERT INTO "index_airport_airplane" VALUES(2,1,3);
INSERT INTO "index_airport_airplane" VALUES(3,2,2);
INSERT INTO "index_airport_airplane" VALUES(4,3,2);
INSERT INTO "index_airport_airplane" VALUES(5,3,3);
CREATE UNIQUE INDEX "auth_group_permissions_group_id_permission_id_0cd325b0_uniq" ON "auth_group_permissions" ("group_id", "permission_id");
CREATE INDEX IF NOT EXISTS "auth_group_permissions_group_id_b120cbf9" ON "auth_group_permissions" ("group_id");
CREATE INDEX IF NOT EXISTS "auth_group_permissions_permission_id_84c5c92e" ON "auth_group_permissions" ("permission_id");
CREATE UNIQUE INDEX "auth_user_groups_user_id_group_id_94350c0c_uniq" ON "auth_user_groups" ("user_id", "group_id");
CREATE INDEX IF NOT EXISTS "auth_user_groups_user_id_6a12ed8b" ON "auth_user_groups" ("user_id");
CREATE INDEX IF NOT EXISTS "auth_user_groups_group_id_97559544" ON "auth_user_groups" ("group_id");
CREATE UNIQUE INDEX "auth_user_user_permissions_user_id_permission_id_14a6b632_uniq" ON "auth_user_user_permissions" ("user_id", "permission_id");
CREATE INDEX IF NOT EXISTS "auth_user_user_permissions_user_id_a95ead1b" ON "auth_user_user_permissions" ("user_id");
CREATE INDEX IF NOT EXISTS "auth_user_user_permissions_permission_id_1fbb5f2c" ON "auth_user_user_permissions" ("permission_id");
CREATE INDEX IF NOT EXISTS "django_admin_log_content_type_id_c4bce8eb" ON "django_admin_log" ("content_type_id");
CREATE INDEX IF NOT EXISTS "django_admin_log_user_id_c564eba6" ON "django_admin_log" ("user_id");
CREATE UNIQUE INDEX "django_content_type_app_label_model_76bd3d3b_uniq" ON "django_content_type" ("app_label", "model");
CREATE UNIQUE INDEX "auth_permission_content_type_id_codename_01ab375a_uniq" ON "auth_permission" ("content_type_id", "codename");
CREATE INDEX IF NOT EXISTS "auth_permission_content_type_id_2f476e4b" ON "auth_permission" ("content_type_id");
CREATE UNIQUE INDEX "index_flight_crew_flight_id_crew_id_1de42d63_uniq" ON "index_flight_crew" ("flight_id", "crew_id");
CREATE INDEX IF NOT EXISTS "index_flight_crew_flight_id_acab4c24" ON "index_flight_crew" ("flight_id");
CREATE INDEX IF NOT EXISTS "index_flight_crew_crew_id_7c8554b2" ON "index_flight_crew" ("crew_id");
CREATE UNIQUE INDEX "index_flight_passenger_flight_id_passenger_id_2e1ccd50_uniq" ON "index_flight_passenger" ("flight_id", "passenger_id");
CREATE INDEX IF NOT EXISTS "index_flight_passenger_flight_id_a8a91cd2" ON "index_flight_passenger" ("flight_id");
CREATE INDEX IF NOT EXISTS "index_flight_passenger_passenger_id_31971405" ON "index_flight_passenger" ("passenger_id");
CREATE UNIQUE INDEX "index_airport_agency_airport_id_agency_id_941d6ef3_uniq" ON "index_airport_agency" ("airport_id", "agency_id");
CREATE INDEX IF NOT EXISTS "index_airport_agency_airport_id_bb8deeca" ON "index_airport_agency" ("airport_id");
CREATE INDEX IF NOT EXISTS "index_airport_agency_agency_id_1a31f983" ON "index_airport_agency" ("agency_id");
CREATE INDEX IF NOT EXISTS "django_session_expire_date_a5c62663" ON "django_session" ("expire_date");
CREATE INDEX IF NOT EXISTS "index_flight_airport_id_a8892d30" ON "index_flight" ("airport_id");
CREATE UNIQUE INDEX "index_airport_airplane_airport_id_aircraft_id_efe4bdb4_uniq" ON "index_airport_airplane" ("airport_id", "aircraft_id");
CREATE INDEX IF NOT EXISTS "index_airport_airplane_airport_id_667a1d58" ON "index_airport_airplane" ("airport_id");
CREATE INDEX IF NOT EXISTS "index_airport_airplane_aircraft_id_dc066236" ON "index_airport_airplane" ("aircraft_id");
CREATE UNIQUE INDEX "index_flight_airplane_flight_id_aircraft_id_d5c3f8d3_uniq" ON "index_flight_airplane" ("flight_id", "aircraft_id");
CREATE INDEX IF NOT EXISTS "index_flight_airplane_flight_id_372d8ef2" ON "index_flight_airplane" ("flight_id");
CREATE INDEX IF NOT EXISTS "index_flight_airplane_aircraft_id_e7b1ea5c" ON "index_flight_airplane" ("aircraft_id");
CREATE TABLE IF NOT EXISTS "index_crew" ("id" integer NOT NULL PRIMARY KEY AUTOINCREMENT, "name" varchar(100) NULL, "family_name" varchar(100) NULL, "user_name" varchar(100) NULL UNIQUE, "password" varchar(100) NULL, "height" varchar(100) NULL, "phone_number" integer NULL, "address" varchar(200) NULL, "pilot_or_not" varchar(10) NULL, "profile_photo" varchar(100) NULL, "email" varchar(100) NULL);
INSERT INTO "index_crew" VALUES(1,'James','Band','james_b','james_b','185',73225366,'America','Pilot','uploads/photo_2020-05-05_23-23-15.jpg','JB@gmail.com');
INSERT INTO "index_crew" VALUES(2,'Kozet','Cleaner','koziii','mypass','165',55910098,'Iran Univ of Sci and Tech','Non-Pilot','uploads/Screenshot_from_2020-07-08_14-06-42.png','Kozet@gmail.com');
INSERT INTO "index_crew" VALUES(3,'Arsalan','Dianati','arsi90','arsalanpass','190',66884785,'Tehran Iran','Pilot','uploads/Screenshot_from_2020-07-08_14-06-42_qZswSNQ.png','ars_dia@gmail.com');
INSERT INTO "index_crew" VALUES(4,'Zeinabbbbw3','Bashirrr','ziziw','zeinab72d','161a',5591,'Tehran,Irans','Non-Pilot','uploads/Screenshot_from_2020-07-08_14-13-09.png','z@z.com');
INSERT INTO "index_crew" VALUES(5,'Zooo','Bashirrr','ehem','zeinab72d','161a',5591,'Tehran,Irans','1','','z');
CREATE UNIQUE INDEX "auth_group_permissions_group_id_permission_id_0cd325b0_uniq" ON "auth_group_permissions" ("group_id", "permission_id");
CREATE INDEX IF NOT EXISTS "auth_group_permissions_group_id_b120cbf9" ON "auth_group_permissions" ("group_id");
CREATE INDEX IF NOT EXISTS "auth_group_permissions_permission_id_84c5c92e" ON "auth_group_permissions" ("permission_id");
CREATE UNIQUE INDEX "auth_user_groups_user_id_group_id_94350c0c_uniq" ON "auth_user_groups" ("user_id", "group_id");
CREATE INDEX IF NOT EXISTS "auth_user_groups_user_id_6a12ed8b" ON "auth_user_groups" ("user_id");
CREATE INDEX IF NOT EXISTS "auth_user_groups_group_id_97559544" ON "auth_user_groups" ("group_id");
CREATE UNIQUE INDEX "auth_user_user_permissions_user_id_permission_id_14a6b632_uniq" ON "auth_user_user_permissions" ("user_id", "permission_id");
CREATE INDEX IF NOT EXISTS "auth_user_user_permissions_user_id_a95ead1b" ON "auth_user_user_permissions" ("user_id");
CREATE INDEX IF NOT EXISTS "auth_user_user_permissions_permission_id_1fbb5f2c" ON "auth_user_user_permissions" ("permission_id");
CREATE INDEX IF NOT EXISTS "django_admin_log_content_type_id_c4bce8eb" ON "django_admin_log" ("content_type_id");
CREATE INDEX IF NOT EXISTS "django_admin_log_user_id_c564eba6" ON "django_admin_log" ("user_id");
CREATE UNIQUE INDEX "django_content_type_app_label_model_76bd3d3b_uniq" ON "django_content_type" ("app_label", "model");
CREATE UNIQUE INDEX "auth_permission_content_type_id_codename_01ab375a_uniq" ON "auth_permission" ("content_type_id", "codename");
CREATE INDEX IF NOT EXISTS "auth_permission_content_type_id_2f476e4b" ON "auth_permission" ("content_type_id");
CREATE UNIQUE INDEX "index_flight_crew_flight_id_crew_id_1de42d63_uniq" ON "index_flight_crew" ("flight_id", "crew_id");
CREATE INDEX IF NOT EXISTS "index_flight_crew_flight_id_acab4c24" ON "index_flight_crew" ("flight_id");
CREATE INDEX IF NOT EXISTS "index_flight_crew_crew_id_7c8554b2" ON "index_flight_crew" ("crew_id");
CREATE UNIQUE INDEX "index_flight_passenger_flight_id_passenger_id_2e1ccd50_uniq" ON "index_flight_passenger" ("flight_id", "passenger_id");
CREATE INDEX IF NOT EXISTS "index_flight_passenger_flight_id_a8a91cd2" ON "index_flight_passenger" ("flight_id");
CREATE INDEX IF NOT EXISTS "index_flight_passenger_passenger_id_31971405" ON "index_flight_passenger" ("passenger_id");
CREATE UNIQUE INDEX "index_airport_agency_airport_id_agency_id_941d6ef3_uniq" ON "index_airport_agency" ("airport_id", "agency_id");
CREATE INDEX IF NOT EXISTS "index_airport_agency_airport_id_bb8deeca" ON "index_airport_agency" ("airport_id");
CREATE INDEX IF NOT EXISTS "index_airport_agency_agency_id_1a31f983" ON "index_airport_agency" ("agency_id");
CREATE INDEX IF NOT EXISTS "django_session_expire_date_a5c62663" ON "django_session" ("expire_date");
CREATE INDEX IF NOT EXISTS "index_flight_airport_id_a8892d30" ON "index_flight" ("airport_id");
CREATE UNIQUE INDEX "index_airport_airplane_airport_id_aircraft_id_efe4bdb4_uniq" ON "index_airport_airplane" ("airport_id", "aircraft_id");
CREATE INDEX IF NOT EXISTS "index_airport_airplane_airport_id_667a1d58" ON "index_airport_airplane" ("airport_id");
CREATE INDEX IF NOT EXISTS "index_airport_airplane_aircraft_id_dc066236" ON "index_airport_airplane" ("aircraft_id");
CREATE UNIQUE INDEX "index_flight_airplane_flight_id_aircraft_id_d5c3f8d3_uniq" ON "index_flight_airplane" ("flight_id", "aircraft_id");
CREATE INDEX IF NOT EXISTS "index_flight_airplane_flight_id_372d8ef2" ON "index_flight_airplane" ("flight_id");
CREATE INDEX IF NOT EXISTS "index_flight_airplane_aircraft_id_e7b1ea5c" ON "index_flight_airplane" ("aircraft_id");
CREATE TABLE IF NOT EXISTS "index_flight" ("id" integer NOT NULL PRIMARY KEY AUTOINCREMENT, "flight_no" integer NOT NULL UNIQUE, "s_city" varchar(100) NOT NULL, "d_city" varchar(100) NOT NULL, "time_1" date NOT NULL, "time_2" date NOT NULL, "capacity" integer NOT NULL, "pilot" varchar(100) NULL, "airport_id" integer NULL REFERENCES "index_airport" ("id") DEFERRABLE INITIALLY DEFERRED);
INSERT INTO "index_flight" VALUES(1,500,'Tehran','Turkey','2019-08-16','2020-07-09',140,'MR Dianati',1);
CREATE UNIQUE INDEX "auth_group_permissions_group_id_permission_id_0cd325b0_uniq" ON "auth_group_permissions" ("group_id", "permission_id");
CREATE INDEX IF NOT EXISTS "auth_group_permissions_group_id_b120cbf9" ON "auth_group_permissions" ("group_id");
CREATE INDEX IF NOT EXISTS "auth_group_permissions_permission_id_84c5c92e" ON "auth_group_permissions" ("permission_id");
CREATE UNIQUE INDEX "auth_user_groups_user_id_group_id_94350c0c_uniq" ON "auth_user_groups" ("user_id", "group_id");
CREATE INDEX IF NOT EXISTS "auth_user_groups_user_id_6a12ed8b" ON "auth_user_groups" ("user_id");
CREATE INDEX IF NOT EXISTS "auth_user_groups_group_id_97559544" ON "auth_user_groups" ("group_id");
CREATE UNIQUE INDEX "auth_user_user_permissions_user_id_permission_id_14a6b632_uniq" ON "auth_user_user_permissions" ("user_id", "permission_id");
CREATE INDEX IF NOT EXISTS "auth_user_user_permissions_user_id_a95ead1b" ON "auth_user_user_permissions" ("user_id");
CREATE INDEX IF NOT EXISTS "auth_user_user_permissions_permission_id_1fbb5f2c" ON "auth_user_user_permissions" ("permission_id");
CREATE INDEX IF NOT EXISTS "django_admin_log_content_type_id_c4bce8eb" ON "django_admin_log" ("content_type_id");
CREATE INDEX IF NOT EXISTS "django_admin_log_user_id_c564eba6" ON "django_admin_log" ("user_id");
CREATE UNIQUE INDEX "django_content_type_app_label_model_76bd3d3b_uniq" ON "django_content_type" ("app_label", "model");
CREATE UNIQUE INDEX "auth_permission_content_type_id_codename_01ab375a_uniq" ON "auth_permission" ("content_type_id", "codename");
CREATE INDEX IF NOT EXISTS "auth_permission_content_type_id_2f476e4b" ON "auth_permission" ("content_type_id");
CREATE UNIQUE INDEX "index_flight_crew_flight_id_crew_id_1de42d63_uniq" ON "index_flight_crew" ("flight_id", "crew_id");
CREATE INDEX IF NOT EXISTS "index_flight_crew_flight_id_acab4c24" ON "index_flight_crew" ("flight_id");
CREATE INDEX IF NOT EXISTS "index_flight_crew_crew_id_7c8554b2" ON "index_flight_crew" ("crew_id");
CREATE UNIQUE INDEX "index_flight_passenger_flight_id_passenger_id_2e1ccd50_uniq" ON "index_flight_passenger" ("flight_id", "passenger_id");
CREATE INDEX IF NOT EXISTS "index_flight_passenger_flight_id_a8a91cd2" ON "index_flight_passenger" ("flight_id");
CREATE INDEX IF NOT EXISTS "index_flight_passenger_passenger_id_31971405" ON "index_flight_passenger" ("passenger_id");
CREATE UNIQUE INDEX "index_airport_agency_airport_id_agency_id_941d6ef3_uniq" ON "index_airport_agency" ("airport_id", "agency_id");
CREATE INDEX IF NOT EXISTS "index_airport_agency_airport_id_bb8deeca" ON "index_airport_agency" ("airport_id");
CREATE INDEX IF NOT EXISTS "index_airport_agency_agency_id_1a31f983" ON "index_airport_agency" ("agency_id");
CREATE INDEX IF NOT EXISTS "django_session_expire_date_a5c62663" ON "django_session" ("expire_date");
CREATE INDEX IF NOT EXISTS "index_flight_airport_id_a8892d30" ON "index_flight" ("airport_id");
CREATE UNIQUE INDEX "index_airport_airplane_airport_id_aircraft_id_efe4bdb4_uniq" ON "index_airport_airplane" ("airport_id", "aircraft_id");
CREATE INDEX IF NOT EXISTS "index_airport_airplane_airport_id_667a1d58" ON "index_airport_airplane" ("airport_id");
CREATE INDEX IF NOT EXISTS "index_airport_airplane_aircraft_id_dc066236" ON "index_airport_airplane" ("aircraft_id");
CREATE UNIQUE INDEX "index_flight_airplane_flight_id_aircraft_id_d5c3f8d3_uniq" ON "index_flight_airplane" ("flight_id", "aircraft_id");
CREATE INDEX IF NOT EXISTS "index_flight_airplane_flight_id_372d8ef2" ON "index_flight_airplane" ("flight_id");
CREATE INDEX IF NOT EXISTS "index_flight_airplane_aircraft_id_e7b1ea5c" ON "index_flight_airplane" ("aircraft_id");
CREATE TABLE IF NOT EXISTS "index_flight_airplane" ("id" integer NOT NULL PRIMARY KEY AUTOINCREMENT, "flight_id" integer NOT NULL REFERENCES "index_flight" ("id") DEFERRABLE INITIALLY DEFERRED, "aircraft_id" integer NOT NULL REFERENCES "index_aircraft" ("id") DEFERRABLE INITIALLY DEFERRED);
INSERT INTO "index_flight_airplane" VALUES(1,1,1);
CREATE UNIQUE INDEX "auth_group_permissions_group_id_permission_id_0cd325b0_uniq" ON "auth_group_permissions" ("group_id", "permission_id");
CREATE INDEX IF NOT EXISTS "auth_group_permissions_group_id_b120cbf9" ON "auth_group_permissions" ("group_id");
CREATE INDEX IF NOT EXISTS "auth_group_permissions_permission_id_84c5c92e" ON "auth_group_permissions" ("permission_id");
CREATE UNIQUE INDEX "auth_user_groups_user_id_group_id_94350c0c_uniq" ON "auth_user_groups" ("user_id", "group_id");
CREATE INDEX IF NOT EXISTS "auth_user_groups_user_id_6a12ed8b" ON "auth_user_groups" ("user_id");
CREATE INDEX IF NOT EXISTS "auth_user_groups_group_id_97559544" ON "auth_user_groups" ("group_id");
CREATE UNIQUE INDEX "auth_user_user_permissions_user_id_permission_id_14a6b632_uniq" ON "auth_user_user_permissions" ("user_id", "permission_id");
CREATE INDEX IF NOT EXISTS "auth_user_user_permissions_user_id_a95ead1b" ON "auth_user_user_permissions" ("user_id");
CREATE INDEX IF NOT EXISTS "auth_user_user_permissions_permission_id_1fbb5f2c" ON "auth_user_user_permissions" ("permission_id");
CREATE INDEX IF NOT EXISTS "django_admin_log_content_type_id_c4bce8eb" ON "django_admin_log" ("content_type_id");
CREATE INDEX IF NOT EXISTS "django_admin_log_user_id_c564eba6" ON "django_admin_log" ("user_id");
CREATE UNIQUE INDEX "django_content_type_app_label_model_76bd3d3b_uniq" ON "django_content_type" ("app_label", "model");
CREATE UNIQUE INDEX "auth_permission_content_type_id_codename_01ab375a_uniq" ON "auth_permission" ("content_type_id", "codename");
CREATE INDEX IF NOT EXISTS "auth_permission_content_type_id_2f476e4b" ON "auth_permission" ("content_type_id");
CREATE UNIQUE INDEX "index_flight_crew_flight_id_crew_id_1de42d63_uniq" ON "index_flight_crew" ("flight_id", "crew_id");
CREATE INDEX IF NOT EXISTS "index_flight_crew_flight_id_acab4c24" ON "index_flight_crew" ("flight_id");
CREATE INDEX IF NOT EXISTS "index_flight_crew_crew_id_7c8554b2" ON "index_flight_crew" ("crew_id");
CREATE UNIQUE INDEX "index_flight_passenger_flight_id_passenger_id_2e1ccd50_uniq" ON "index_flight_passenger" ("flight_id", "passenger_id");
CREATE INDEX IF NOT EXISTS "index_flight_passenger_flight_id_a8a91cd2" ON "index_flight_passenger" ("flight_id");
CREATE INDEX IF NOT EXISTS "index_flight_passenger_passenger_id_31971405" ON "index_flight_passenger" ("passenger_id");
CREATE UNIQUE INDEX "index_airport_agency_airport_id_agency_id_941d6ef3_uniq" ON "index_airport_agency" ("airport_id", "agency_id");
CREATE INDEX IF NOT EXISTS "index_airport_agency_airport_id_bb8deeca" ON "index_airport_agency" ("airport_id");
CREATE INDEX IF NOT EXISTS "index_airport_agency_agency_id_1a31f983" ON "index_airport_agency" ("agency_id");
CREATE INDEX IF NOT EXISTS "django_session_expire_date_a5c62663" ON "django_session" ("expire_date");
CREATE INDEX IF NOT EXISTS "index_flight_airport_id_a8892d30" ON "index_flight" ("airport_id");
CREATE UNIQUE INDEX "index_airport_airplane_airport_id_aircraft_id_efe4bdb4_uniq" ON "index_airport_airplane" ("airport_id", "aircraft_id");
CREATE INDEX IF NOT EXISTS "index_airport_airplane_airport_id_667a1d58" ON "index_airport_airplane" ("airport_id");
CREATE INDEX IF NOT EXISTS "index_airport_airplane_aircraft_id_dc066236" ON "index_airport_airplane" ("aircraft_id");
CREATE UNIQUE INDEX "index_flight_airplane_flight_id_aircraft_id_d5c3f8d3_uniq" ON "index_flight_airplane" ("flight_id", "aircraft_id");
CREATE INDEX IF NOT EXISTS "index_flight_airplane_flight_id_372d8ef2" ON "index_flight_airplane" ("flight_id");
CREATE INDEX IF NOT EXISTS "index_flight_airplane_aircraft_id_e7b1ea5c" ON "index_flight_airplane" ("aircraft_id");
CREATE TABLE IF NOT EXISTS "index_flight_crew" ("id" integer NOT NULL PRIMARY KEY AUTOINCREMENT, "flight_id" integer NOT NULL REFERENCES "index_flight" ("id") DEFERRABLE INITIALLY DEFERRED, "crew_id" integer NOT NULL REFERENCES "index_crew" ("id") DEFERRABLE INITIALLY DEFERRED);
INSERT INTO "index_flight_crew" VALUES(1,1,1);
INSERT INTO "index_flight_crew" VALUES(2,1,3);
CREATE UNIQUE INDEX "auth_group_permissions_group_id_permission_id_0cd325b0_uniq" ON "auth_group_permissions" ("group_id", "permission_id");
CREATE INDEX IF NOT EXISTS "auth_group_permissions_group_id_b120cbf9" ON "auth_group_permissions" ("group_id");
CREATE INDEX IF NOT EXISTS "auth_group_permissions_permission_id_84c5c92e" ON "auth_group_permissions" ("permission_id");
CREATE UNIQUE INDEX "auth_user_groups_user_id_group_id_94350c0c_uniq" ON "auth_user_groups" ("user_id", "group_id");
CREATE INDEX IF NOT EXISTS "auth_user_groups_user_id_6a12ed8b" ON "auth_user_groups" ("user_id");
CREATE INDEX IF NOT EXISTS "auth_user_groups_group_id_97559544" ON "auth_user_groups" ("group_id");
CREATE UNIQUE INDEX "auth_user_user_permissions_user_id_permission_id_14a6b632_uniq" ON "auth_user_user_permissions" ("user_id", "permission_id");
CREATE INDEX IF NOT EXISTS "auth_user_user_permissions_user_id_a95ead1b" ON "auth_user_user_permissions" ("user_id");
CREATE INDEX IF NOT EXISTS "auth_user_user_permissions_permission_id_1fbb5f2c" ON "auth_user_user_permissions" ("permission_id");
CREATE INDEX IF NOT EXISTS "django_admin_log_content_type_id_c4bce8eb" ON "django_admin_log" ("content_type_id");
CREATE INDEX IF NOT EXISTS "django_admin_log_user_id_c564eba6" ON "django_admin_log" ("user_id");
CREATE UNIQUE INDEX "django_content_type_app_label_model_76bd3d3b_uniq" ON "django_content_type" ("app_label", "model");
CREATE UNIQUE INDEX "auth_permission_content_type_id_codename_01ab375a_uniq" ON "auth_permission" ("content_type_id", "codename");
CREATE INDEX IF NOT EXISTS "auth_permission_content_type_id_2f476e4b" ON "auth_permission" ("content_type_id");
CREATE UNIQUE INDEX "index_flight_crew_flight_id_crew_id_1de42d63_uniq" ON "index_flight_crew" ("flight_id", "crew_id");
CREATE INDEX IF NOT EXISTS "index_flight_crew_flight_id_acab4c24" ON "index_flight_crew" ("flight_id");
CREATE INDEX IF NOT EXISTS "index_flight_crew_crew_id_7c8554b2" ON "index_flight_crew" ("crew_id");
CREATE UNIQUE INDEX "index_flight_passenger_flight_id_passenger_id_2e1ccd50_uniq" ON "index_flight_passenger" ("flight_id", "passenger_id");
CREATE INDEX IF NOT EXISTS "index_flight_passenger_flight_id_a8a91cd2" ON "index_flight_passenger" ("flight_id");
CREATE INDEX IF NOT EXISTS "index_flight_passenger_passenger_id_31971405" ON "index_flight_passenger" ("passenger_id");
CREATE UNIQUE INDEX "index_airport_agency_airport_id_agency_id_941d6ef3_uniq" ON "index_airport_agency" ("airport_id", "agency_id");
CREATE INDEX IF NOT EXISTS "index_airport_agency_airport_id_bb8deeca" ON "index_airport_agency" ("airport_id");
CREATE INDEX IF NOT EXISTS "index_airport_agency_agency_id_1a31f983" ON "index_airport_agency" ("agency_id");
CREATE INDEX IF NOT EXISTS "django_session_expire_date_a5c62663" ON "django_session" ("expire_date");
CREATE INDEX IF NOT EXISTS "index_flight_airport_id_a8892d30" ON "index_flight" ("airport_id");
CREATE UNIQUE INDEX "index_airport_airplane_airport_id_aircraft_id_efe4bdb4_uniq" ON "index_airport_airplane" ("airport_id", "aircraft_id");
CREATE INDEX IF NOT EXISTS "index_airport_airplane_airport_id_667a1d58" ON "index_airport_airplane" ("airport_id");
CREATE INDEX IF NOT EXISTS "index_airport_airplane_aircraft_id_dc066236" ON "index_airport_airplane" ("aircraft_id");
CREATE UNIQUE INDEX "index_flight_airplane_flight_id_aircraft_id_d5c3f8d3_uniq" ON "index_flight_airplane" ("flight_id", "aircraft_id");
CREATE INDEX IF NOT EXISTS "index_flight_airplane_flight_id_372d8ef2" ON "index_flight_airplane" ("flight_id");
CREATE INDEX IF NOT EXISTS "index_flight_airplane_aircraft_id_e7b1ea5c" ON "index_flight_airplane" ("aircraft_id");
CREATE TABLE IF NOT EXISTS "index_flight_passenger" ("id" integer NOT NULL PRIMARY KEY AUTOINCREMENT, "flight_id" integer NOT NULL REFERENCES "index_flight" ("id") DEFERRABLE INITIALLY DEFERRED, "passenger_id" integer NOT NULL REFERENCES "index_passenger" ("id") DEFERRABLE INITIALLY DEFERRED);
INSERT INTO "index_flight_passenger" VALUES(1,1,1);
INSERT INTO "index_flight_passenger" VALUES(2,1,2);
CREATE UNIQUE INDEX "auth_group_permissions_group_id_permission_id_0cd325b0_uniq" ON "auth_group_permissions" ("group_id", "permission_id");
CREATE INDEX IF NOT EXISTS "auth_group_permissions_group_id_b120cbf9" ON "auth_group_permissions" ("group_id");
CREATE INDEX IF NOT EXISTS "auth_group_permissions_permission_id_84c5c92e" ON "auth_group_permissions" ("permission_id");
CREATE UNIQUE INDEX "auth_user_groups_user_id_group_id_94350c0c_uniq" ON "auth_user_groups" ("user_id", "group_id");
CREATE INDEX IF NOT EXISTS "auth_user_groups_user_id_6a12ed8b" ON "auth_user_groups" ("user_id");
CREATE INDEX IF NOT EXISTS "auth_user_groups_group_id_97559544" ON "auth_user_groups" ("group_id");
CREATE UNIQUE INDEX "auth_user_user_permissions_user_id_permission_id_14a6b632_uniq" ON "auth_user_user_permissions" ("user_id", "permission_id");
CREATE INDEX IF NOT EXISTS "auth_user_user_permissions_user_id_a95ead1b" ON "auth_user_user_permissions" ("user_id");
CREATE INDEX IF NOT EXISTS "auth_user_user_permissions_permission_id_1fbb5f2c" ON "auth_user_user_permissions" ("permission_id");
CREATE INDEX IF NOT EXISTS "django_admin_log_content_type_id_c4bce8eb" ON "django_admin_log" ("content_type_id");
CREATE INDEX IF NOT EXISTS "django_admin_log_user_id_c564eba6" ON "django_admin_log" ("user_id");
CREATE UNIQUE INDEX "django_content_type_app_label_model_76bd3d3b_uniq" ON "django_content_type" ("app_label", "model");
CREATE UNIQUE INDEX "auth_permission_content_type_id_codename_01ab375a_uniq" ON "auth_permission" ("content_type_id", "codename");
CREATE INDEX IF NOT EXISTS "auth_permission_content_type_id_2f476e4b" ON "auth_permission" ("content_type_id");
CREATE UNIQUE INDEX "index_flight_crew_flight_id_crew_id_1de42d63_uniq" ON "index_flight_crew" ("flight_id", "crew_id");
CREATE INDEX IF NOT EXISTS "index_flight_crew_flight_id_acab4c24" ON "index_flight_crew" ("flight_id");
CREATE INDEX IF NOT EXISTS "index_flight_crew_crew_id_7c8554b2" ON "index_flight_crew" ("crew_id");
CREATE UNIQUE INDEX "index_flight_passenger_flight_id_passenger_id_2e1ccd50_uniq" ON "index_flight_passenger" ("flight_id", "passenger_id");
CREATE INDEX IF NOT EXISTS "index_flight_passenger_flight_id_a8a91cd2" ON "index_flight_passenger" ("flight_id");
CREATE INDEX IF NOT EXISTS "index_flight_passenger_passenger_id_31971405" ON "index_flight_passenger" ("passenger_id");
CREATE UNIQUE INDEX "index_airport_agency_airport_id_agency_id_941d6ef3_uniq" ON "index_airport_agency" ("airport_id", "agency_id");
CREATE INDEX IF NOT EXISTS "index_airport_agency_airport_id_bb8deeca" ON "index_airport_agency" ("airport_id");
CREATE INDEX IF NOT EXISTS "index_airport_agency_agency_id_1a31f983" ON "index_airport_agency" ("agency_id");
CREATE INDEX IF NOT EXISTS "django_session_expire_date_a5c62663" ON "django_session" ("expire_date");
CREATE INDEX IF NOT EXISTS "index_flight_airport_id_a8892d30" ON "index_flight" ("airport_id");
CREATE UNIQUE INDEX "index_airport_airplane_airport_id_aircraft_id_efe4bdb4_uniq" ON "index_airport_airplane" ("airport_id", "aircraft_id");
CREATE INDEX IF NOT EXISTS "index_airport_airplane_airport_id_667a1d58" ON "index_airport_airplane" ("airport_id");
CREATE INDEX IF NOT EXISTS "index_airport_airplane_aircraft_id_dc066236" ON "index_airport_airplane" ("aircraft_id");
CREATE UNIQUE INDEX "index_flight_airplane_flight_id_aircraft_id_d5c3f8d3_uniq" ON "index_flight_airplane" ("flight_id", "aircraft_id");
CREATE INDEX IF NOT EXISTS "index_flight_airplane_flight_id_372d8ef2" ON "index_flight_airplane" ("flight_id");
CREATE INDEX IF NOT EXISTS "index_flight_airplane_aircraft_id_e7b1ea5c" ON "index_flight_airplane" ("aircraft_id");
CREATE TABLE IF NOT EXISTS "index_passenger" ("id" integer NOT NULL PRIMARY KEY AUTOINCREMENT, "name" varchar(100) NOT NULL, "famly_name" varchar(100) NOT NULL, "age" integer NOT NULL, "phone_number" integer NOT NULL, "address" varchar(200) NOT NULL, "gender" varchar(10) NOT NULL);
INSERT INTO "index_passenger" VALUES(1,'Zahra','Bashir',22,9398100426,'Tehran, Iran','Female');
INSERT INTO "index_passenger" VALUES(2,'Ghazale','Bakhtiari',22,918100,'Piroozi','Female');
CREATE UNIQUE INDEX "auth_group_permissions_group_id_permission_id_0cd325b0_uniq" ON "auth_group_permissions" ("group_id", "permission_id");
CREATE INDEX IF NOT EXISTS "auth_group_permissions_group_id_b120cbf9" ON "auth_group_permissions" ("group_id");
CREATE INDEX IF NOT EXISTS "auth_group_permissions_permission_id_84c5c92e" ON "auth_group_permissions" ("permission_id");
CREATE UNIQUE INDEX "auth_user_groups_user_id_group_id_94350c0c_uniq" ON "auth_user_groups" ("user_id", "group_id");
CREATE INDEX IF NOT EXISTS "auth_user_groups_user_id_6a12ed8b" ON "auth_user_groups" ("user_id");
CREATE INDEX IF NOT EXISTS "auth_user_groups_group_id_97559544" ON "auth_user_groups" ("group_id");
CREATE UNIQUE INDEX "auth_user_user_permissions_user_id_permission_id_14a6b632_uniq" ON "auth_user_user_permissions" ("user_id", "permission_id");
CREATE INDEX IF NOT EXISTS "auth_user_user_permissions_user_id_a95ead1b" ON "auth_user_user_permissions" ("user_id");
CREATE INDEX IF NOT EXISTS "auth_user_user_permissions_permission_id_1fbb5f2c" ON "auth_user_user_permissions" ("permission_id");
CREATE INDEX IF NOT EXISTS "django_admin_log_content_type_id_c4bce8eb" ON "django_admin_log" ("content_type_id");
CREATE INDEX IF NOT EXISTS "django_admin_log_user_id_c564eba6" ON "django_admin_log" ("user_id");
CREATE UNIQUE INDEX "django_content_type_app_label_model_76bd3d3b_uniq" ON "django_content_type" ("app_label", "model");
CREATE UNIQUE INDEX "auth_permission_content_type_id_codename_01ab375a_uniq" ON "auth_permission" ("content_type_id", "codename");
CREATE INDEX IF NOT EXISTS "auth_permission_content_type_id_2f476e4b" ON "auth_permission" ("content_type_id");
CREATE UNIQUE INDEX "index_flight_crew_flight_id_crew_id_1de42d63_uniq" ON "index_flight_crew" ("flight_id", "crew_id");
CREATE INDEX IF NOT EXISTS "index_flight_crew_flight_id_acab4c24" ON "index_flight_crew" ("flight_id");
CREATE INDEX IF NOT EXISTS "index_flight_crew_crew_id_7c8554b2" ON "index_flight_crew" ("crew_id");
CREATE UNIQUE INDEX "index_flight_passenger_flight_id_passenger_id_2e1ccd50_uniq" ON "index_flight_passenger" ("flight_id", "passenger_id");
CREATE INDEX IF NOT EXISTS "index_flight_passenger_flight_id_a8a91cd2" ON "index_flight_passenger" ("flight_id");
CREATE INDEX IF NOT EXISTS "index_flight_passenger_passenger_id_31971405" ON "index_flight_passenger" ("passenger_id");
CREATE UNIQUE INDEX "index_airport_agency_airport_id_agency_id_941d6ef3_uniq" ON "index_airport_agency" ("airport_id", "agency_id");
CREATE INDEX IF NOT EXISTS "index_airport_agency_airport_id_bb8deeca" ON "index_airport_agency" ("airport_id");
CREATE INDEX IF NOT EXISTS "index_airport_agency_agency_id_1a31f983" ON "index_airport_agency" ("agency_id");
CREATE INDEX IF NOT EXISTS "django_session_expire_date_a5c62663" ON "django_session" ("expire_date");
CREATE INDEX IF NOT EXISTS "index_flight_airport_id_a8892d30" ON "index_flight" ("airport_id");
CREATE UNIQUE INDEX "index_airport_airplane_airport_id_aircraft_id_efe4bdb4_uniq" ON "index_airport_airplane" ("airport_id", "aircraft_id");
CREATE INDEX IF NOT EXISTS "index_airport_airplane_airport_id_667a1d58" ON "index_airport_airplane" ("airport_id");
CREATE INDEX IF NOT EXISTS "index_airport_airplane_aircraft_id_dc066236" ON "index_airport_airplane" ("aircraft_id");
CREATE UNIQUE INDEX "index_flight_airplane_flight_id_aircraft_id_d5c3f8d3_uniq" ON "index_flight_airplane" ("flight_id", "aircraft_id");
CREATE INDEX IF NOT EXISTS "index_flight_airplane_flight_id_372d8ef2" ON "index_flight_airplane" ("flight_id");
CREATE INDEX IF NOT EXISTS "index_flight_airplane_aircraft_id_e7b1ea5c" ON "index_flight_airplane" ("aircraft_id");
CREATE TABLE IF NOT EXISTS "index_ticket" ("id" integer NOT NULL PRIMARY KEY AUTOINCREMENT, "flight_no" integer NOT NULL UNIQUE);
INSERT INTO "index_ticket" VALUES(1,600);
INSERT INTO "index_ticket" VALUES(2,700);
INSERT INTO "index_ticket" VALUES(3,800);
CREATE UNIQUE INDEX "auth_group_permissions_group_id_permission_id_0cd325b0_uniq" ON "auth_group_permissions" ("group_id", "permission_id");
CREATE INDEX IF NOT EXISTS "auth_group_permissions_group_id_b120cbf9" ON "auth_group_permissions" ("group_id");
CREATE INDEX IF NOT EXISTS "auth_group_permissions_permission_id_84c5c92e" ON "auth_group_permissions" ("permission_id");
CREATE UNIQUE INDEX "auth_user_groups_user_id_group_id_94350c0c_uniq" ON "auth_user_groups" ("user_id", "group_id");
CREATE INDEX IF NOT EXISTS "auth_user_groups_user_id_6a12ed8b" ON "auth_user_groups" ("user_id");
CREATE INDEX IF NOT EXISTS "auth_user_groups_group_id_97559544" ON "auth_user_groups" ("group_id");
CREATE UNIQUE INDEX "auth_user_user_permissions_user_id_permission_id_14a6b632_uniq" ON "auth_user_user_permissions" ("user_id", "permission_id");
CREATE INDEX IF NOT EXISTS "auth_user_user_permissions_user_id_a95ead1b" ON "auth_user_user_permissions" ("user_id");
CREATE INDEX IF NOT EXISTS "auth_user_user_permissions_permission_id_1fbb5f2c" ON "auth_user_user_permissions" ("permission_id");
CREATE INDEX IF NOT EXISTS "django_admin_log_content_type_id_c4bce8eb" ON "django_admin_log" ("content_type_id");
CREATE INDEX IF NOT EXISTS "django_admin_log_user_id_c564eba6" ON "django_admin_log" ("user_id");
CREATE UNIQUE INDEX "django_content_type_app_label_model_76bd3d3b_uniq" ON "django_content_type" ("app_label", "model");
CREATE UNIQUE INDEX "auth_permission_content_type_id_codename_01ab375a_uniq" ON "auth_permission" ("content_type_id", "codename");
CREATE INDEX IF NOT EXISTS "auth_permission_content_type_id_2f476e4b" ON "auth_permission" ("content_type_id");
CREATE UNIQUE INDEX "index_flight_crew_flight_id_crew_id_1de42d63_uniq" ON "index_flight_crew" ("flight_id", "crew_id");
CREATE INDEX IF NOT EXISTS "index_flight_crew_flight_id_acab4c24" ON "index_flight_crew" ("flight_id");
CREATE INDEX IF NOT EXISTS "index_flight_crew_crew_id_7c8554b2" ON "index_flight_crew" ("crew_id");
CREATE UNIQUE INDEX "index_flight_passenger_flight_id_passenger_id_2e1ccd50_uniq" ON "index_flight_passenger" ("flight_id", "passenger_id");
CREATE INDEX IF NOT EXISTS "index_flight_passenger_flight_id_a8a91cd2" ON "index_flight_passenger" ("flight_id");
CREATE INDEX IF NOT EXISTS "index_flight_passenger_passenger_id_31971405" ON "index_flight_passenger" ("passenger_id");
CREATE UNIQUE INDEX "index_airport_agency_airport_id_agency_id_941d6ef3_uniq" ON "index_airport_agency" ("airport_id", "agency_id");
CREATE INDEX IF NOT EXISTS "index_airport_agency_airport_id_bb8deeca" ON "index_airport_agency" ("airport_id");
CREATE INDEX IF NOT EXISTS "index_airport_agency_agency_id_1a31f983" ON "index_airport_agency" ("agency_id");
CREATE INDEX IF NOT EXISTS "django_session_expire_date_a5c62663" ON "django_session" ("expire_date");
CREATE INDEX IF NOT EXISTS "index_flight_airport_id_a8892d30" ON "index_flight" ("airport_id");
CREATE UNIQUE INDEX "index_airport_airplane_airport_id_aircraft_id_efe4bdb4_uniq" ON "index_airport_airplane" ("airport_id", "aircraft_id");
CREATE INDEX IF NOT EXISTS "index_airport_airplane_airport_id_667a1d58" ON "index_airport_airplane" ("airport_id");
CREATE INDEX IF NOT EXISTS "index_airport_airplane_aircraft_id_dc066236" ON "index_airport_airplane" ("aircraft_id");
CREATE UNIQUE INDEX "index_flight_airplane_flight_id_aircraft_id_d5c3f8d3_uniq" ON "index_flight_airplane" ("flight_id", "aircraft_id");
CREATE INDEX IF NOT EXISTS "index_flight_airplane_flight_id_372d8ef2" ON "index_flight_airplane" ("flight_id");
CREATE INDEX IF NOT EXISTS "index_flight_airplane_aircraft_id_e7b1ea5c" ON "index_flight_airplane" ("aircraft_id");
